time,activityType,lapNumber,distance,speed,calories,lat,long,elevation,heartRate,cycles
0,0,1,0.0,0.0,0,42.954214,-78.830731,196.0,81,0
1,0,1,0.0,0.0,0,42.954218,-78.830756,196.0,84,0
2,0,1,2.3,1.37,0,42.954222,-78.830782,195.9,84,0
3,0,1,4.96,1.63,0,42.954226,-78.830809,195.9,86,0
4,0,1,7.63,1.94,0,42.954231,-78.830837,195.8,86,0
5,0,1,10.38,2.12,0,42.954236,-78.830867,195.8,86,0
6,0,1,13.2,2.36,1,42.954241,-78.830897,195.7,86,8
7,0,1,16.05,2.58,1,42.954245,-78.830928,195.6,84,3
8,0,1,18.91,2.67,1,42.95425,-78.830961,195.5,84,2
9,0,1,21.78,2.66,1,42.954254,-78.830995,195.4,86,3
10,0,1,24.67,2.64,1,42.954258,-78.83103,195.3,87,3
11,0,1,27.61,2.72,2,42.954261,-78.831066,195.2,88,3
12,0,1,30.58,2.88,2,42.954264,-78.831103,195.2,89,2
13,0,1,33.56,2.9,2,42.954266,-78.831142,195.1,90,3
14,0,1,36.56,2.86,2,42.954268,-78.831181,195.0,89,3
15,0,1,39.57,2.9,3,42.954269,-78.831222,194.9,88,3
16,0,1,42.58,2.86,3,42.954269,-78.831265,194.8,90,2
17,0,1,45.6,2.84,3,42.954269,-78.831308,194.7,90,3
18,0,1,48.65,2.81,3,42.954268,-78.831352,194.6,91,3
19,0,1,51.75,2.96,4,42.954267,-78.831396,194.5,92,3
20,0,1,54.92,3.13,4,42.954265,-78.831441,194.4,93,3
21,0,1,58.15,3.28,4,42.954263,-78.831487,194.3,95,3
22,0,1,61.45,3.43,4,42.954262,-78.831533,194.2,96,3
23,0,1,64.75,3.54,5,42.95426,-78.831579,194.1,97,3
24,0,1,68.12,3.57,5,42.954258,-78.831625,194.0,98,3
25,0,1,71.54,3.58,5,42.954257,-78.831671,193.9,100,3
26,0,1,75.02,3.61,5,42.954256,-78.831716,193.8,102,2
27,0,1,78.54,3.65,6,42.954256,-78.831761,193.8,104,3
28,0,1,82.08,3.67,6,42.954256,-78.831806,193.7,107,3
29,0,1,85.63,3.67,6,42.954257,-78.83185,193.6,108,3
30,0,1,89.19,3.67,6,42.954258,-78.831893,193.6,109,3
31,0,1,92.76,3.67,7,42.954259,-78.831936,193.5,111,3
32,0,1,96.35,3.67,7,42.954261,-78.831978,193.5,118,3
33,0,1,99.94,3.67,7,42.954263,-78.83202,193.4,119,2
34,0,1,103.52,3.66,7,42.954265,-78.832062,193.4,124,3
35,0,1,107.08,3.64,8,42.954267,-78.832103,193.3,125,3
36,0,1,110.61,3.61,8,42.954269,-78.832144,193.2,127,3
37,0,1,114.11,3.58,8,42.954271,-78.832185,193.2,130,3
38,0,1,117.55,3.53,8,42.954272,-78.832225,193.1,132,3
39,0,1,120.95,3.49,9,42.954273,-78.832265,193.1,134,3
40,0,1,124.31,3.44,9,42.954274,-78.832305,193.0,142,3
41,0,1,127.66,3.39,9,42.954275,-78.832345,193.0,144,3
42,0,1,131.02,3.37,9,42.954274,-78.832385,192.9,146,2
43,0,1,134.35,3.35,10,42.954274,-78.832425,192.8,150,3
44,0,1,137.67,3.33,10,42.954273,-78.832464,192.8,150,3
45,0,1,141.0,3.32,10,42.954271,-78.832504,192.7,150,3
46,0,1,144.33,3.3,10,42.95427,-78.832543,192.7,150,3
47,0,1,147.66,3.29,11,42.954268,-78.832583,192.7,155,3
48,0,1,150.99,3.29,11,42.954266,-78.832622,192.7,158,3
49,0,1,154.32,3.28,11,42.954265,-78.832662,192.7,159,3
50,0,1,157.65,3.28,12,42.954263,-78.832702,192.7,160,3
51,0,1,164.58,3.28,12,42.954262,-78.832742,192.7,162,2
52,0,1,167.86,3.28,12,42.95426,-78.832783,192.7,163,3
53,0,1,171.06,3.28,13,42.95426,-78.832823,192.7,163,3
54,0,1,174.25,3.28,13,42.954259,-78.832864,192.7,164,3
55,0,1,177.3,3.28,13,42.954259,-78.832906,192.7,165,3
56,0,1,177.3,3.28,13,42.95426,-78.832947,192.7,168,3
57,0,1,177.3,3.28,13,42.954261,-78.832989,192.7,171,2
58,0,1,180.55,3.28,13,42.954262,-78.833031,192.7,171,4
59,0,1,183.55,3.28,14,42.954264,-78.833073,192.7,171,2
60,0,1,186.72,3.27,14,42.954265,-78.833115,192.7,171,3
61,0,1,186.72,3.27,14,42.954267,-78.833157,192.7,170,3
62,0,1,186.72,3.27,14,42.95427,-78.833198,192.6,170,2
63,0,1,189.69,3.27,14,42.954272,-78.833239,192.6,170,4
64,0,1,198.98,3.27,15,42.954274,-78.83328,192.6,170,3
65,0,1,202.4,3.26,15,42.954276,-78.833321,192.6,169,3
66,0,1,205.51,3.26,15,42.954278,-78.833361,192.6,168,2
67,0,1,209.8,3.26,15,42.95428,-78.8334,192.5,168,3
68,0,1,212.85,3.26,16,42.954282,-78.833439,192.5,169,3
69,0,1,215.83,3.25,16,42.954284,-78.833477,192.5,167,3
70,0,1,219.84,3.25,16,42.954285,-78.833514,192.4,167,3
71,0,1,223.09,3.25,16,42.954286,-78.833551,192.4,168,3
72,0,1,226.25,3.25,17,42.954287,-78.833587,192.4,168,3
73,0,1,229.82,3.25,17,42.954287,-78.833624,192.3,167,3
74,0,1,232.84,3.24,17,42.954288,-78.83366,192.3,168,2
75,0,1,235.64,3.24,17,42.954288,-78.833696,192.3,166,3
76,0,1,239.32,3.24,18,42.954287,-78.833732,192.2,166,3
77,0,1,242.24,3.24,18,42.954287,-78.833769,192.2,167,3
78,0,1,245.18,3.23,18,42.954286,-78.833806,192.2,165,3
79,0,1,248.05,3.23,18,42.954284,-78.833844,192.1,164,3
80,0,1,250.8,3.23,18,42.954283,-78.833883,192.1,164,3
81,0,1,253.67,3.23,19,42.954281,-78.833922,192.1,165,2
82,0,1,257.08,3.23,19,42.954279,-78.833962,192.0,165,3
83,0,1,260.36,3.22,19,42.954276,-78.834002,192.0,164,3
84,0,1,263.89,3.22,19,42.954274,-78.834041,192.0,165,2
85,0,1,266.41,3.22,20,42.954272,-78.834076,192.0,164,2
86,0,1,268.93,3.22,20,42.954271,-78.834108,191.9,164,3
87,0,1,271.6,3.22,20,42.954271,-78.834137,191.9,164,3
88,0,1,275.97,3.22,20,42.954272,-78.834164,191.9,163,3
89,0,1,278.1,3.21,21,42.954274,-78.83419,191.8,162,3
90,0,1,280.15,3.21,21,42.954278,-78.834215,191.8,161,2
91,0,1,282.34,3.2,21,42.954282,-78.83424,191.7,161,3
92,0,1,284.66,3.19,21,42.954288,-78.834265,191.7,163,3
93,0,1,284.66,3.19,21,42.954294,-78.83429,191.6,165,3
94,0,1,284.66,3.18,21,42.954301,-78.834316,191.6,163,3
95,0,1,287.32,3.16,21,42.954309,-78.834342,191.5,162,3
96,0,1,289.64,3.13,22,42.954316,-78.834369,191.5,164,3
97,0,1,292.43,3.05,22,42.954322,-78.834396,191.4,166,2
98,0,1,296.11,2.98,22,42.954327,-78.834425,191.4,166,3
99,0,1,298.92,2.9,22,42.95433,-78.834455,191.3,167,3
100,0,1,301.84,2.84,22,42.954331,-78.834486,191.3,166,3
101,0,1,309.58,2.82,23,42.954328,-78.834519,191.2,165,3
102,0,1,312.45,2.83,23,42.954322,-78.834553,191.1,166,3
103,0,1,315.31,2.83,23,42.954313,-78.834588,191.1,165,3
104,0,1,319.08,2.83,24,42.954302,-78.834621,191.0,165,3
105,0,1,322.05,2.83,24,42.954289,-78.834653,190.9,163,2
106,0,1,325.09,2.83,24,42.954276,-78.834681,190.9,163,3
107,0,1,328.03,2.83,24,42.954263,-78.834704,190.8,163,3
108,0,1,328.03,2.83,24,42.95425,-78.834722,190.8,162,3
109,0,1,328.03,2.83,24,42.954239,-78.834735,190.7,163,3
110,0,1,329.21,2.83,25,42.954227,-78.834743,190.7,164,3
111,0,1,335.98,2.83,25,42.954215,-78.834746,190.7,164,3
112,0,1,340.37,2.83,25,42.954203,-78.834746,190.7,165,3
113,0,1,342.83,2.83,26,42.95419,-78.834742,190.6,165,2
114,0,1,345.2,2.82,26,42.954175,-78.834735,190.6,163,3
115,0,1,347.55,2.81,26,42.954159,-78.834725,190.7,163,3
116,0,1,349.68,2.79,26,42.954141,-78.834714,190.7,163,3
117,0,1,351.5,2.74,26,42.954122,-78.834702,190.7,164,3
118,0,1,353.47,2.66,26,42.954101,-78.834689,190.8,164,3
119,0,1,353.47,2.55,26,42.95408,-78.834676,190.8,164,3
120,0,1,359.76,2.43,27,42.954058,-78.834663,190.9,165,3
121,0,1,363.89,2.36,27,42.954035,-78.834652,190.9,169,3
122,0,1,366.79,2.34,27,42.954013,-78.834643,191.0,171,2
123,0,1,369.74,2.38,28,42.95399,-78.834635,191.0,172,3
124,0,1,372.53,2.4,28,42.953966,-78.834628,191.0,174,3
125,0,1,375.42,2.4,28,42.953943,-78.834621,191.1,175,3
126,0,1,378.3,2.4,28,42.953919,-78.834615,191.1,175,3
127,0,1,380.75,2.4,29,42.953894,-78.834608,191.1,175,3
128,0,1,383.3,2.4,29,42.95387,-78.8346,191.1,175,3
129,0,1,385.85,2.4,29,42.953845,-78.834591,191.2,175,3
130,0,1,388.94,2.4,29,42.95382,-78.83458,191.2,174,3
131,0,1,391.75,2.4,29,42.953794,-78.834568,191.3,174,3
132,0,1,394.51,2.4,30,42.953766,-78.834553,191.3,174,3
133,0,1,397.67,2.4,30,42.953736,-78.834537,191.3,175,2
134,0,1,401.38,2.4,30,42.953704,-78.834519,191.4,175,4
135,0,1,404.36,2.4,30,42.95367,-78.834499,191.4,174,2
136,0,1,407.64,2.41,31,42.953634,-78.834477,191.5,175,3
137,0,1,411.17,2.41,31,42.953596,-78.834454,191.5,174,3
138,0,1,414.89,2.41,31,42.953557,-78.83443,191.6,174,3
139,0,1,414.89,2.43,31,42.953518,-78.834406,191.6,174,3
140,0,1,414.89,2.48,31,42.953479,-78.834382,191.7,173,3
141,0,1,418.8,2.55,32,42.953442,-78.834359,191.7,173,3
142,0,1,422.74,2.63,32,42.953406,-78.834337,191.8,171,3
143,0,1,426.71,2.72,32,42.953372,-78.834316,191.8,171,3
144,0,1,430.71,2.79,32,42.953339,-78.834296,191.8,172,3
145,0,1,430.71,2.78,32,42.953307,-78.834277,191.8,172,3
146,0,1,430.71,2.75,32,42.953276,-78.834259,191.8,173,3
147,0,1,434.59,2.74,33,42.953245,-78.834241,191.8,173,3
148,0,1,438.26,2.75,33,42.953216,-78.834225,191.8,173,3
149,0,1,441.9,2.81,33,42.953187,-78.834209,191.8,172,3
150,0,1,445.23,2.93,33,42.953158,-78.834194,191.8,171,3
151,0,1,453.56,3.06,34,42.95313,-78.834179,191.7,173,3
152,0,1,456.76,3.35,34,42.953102,-78.834165,191.7,175,3
153,0,1,459.91,3.33,34,42.953075,-78.834151,191.7,175,2
154,0,1,463.08,3.29,35,42.953047,-78.834137,191.7,175,3
155,0,1,466.14,3.26,35,42.95302,-78.834124,191.7,173,3
156,0,1,473.83,3.23,35,42.952993,-78.834111,191.8,174,3
157,0,1,476.41,3.18,36,42.952965,-78.834097,191.8,174,3
158,0,1,479.24,3.13,36,42.952938,-78.834084,191.8,174,3
159,0,1,482.21,3.11,36,42.952911,-78.834071,191.8,174,3
160,0,1,485.22,3.1,36,42.952884,-78.834057,191.8,173,3
161,0,1,490.8,3.09,37,42.952856,-78.834043,191.8,175,3
162,0,1,493.73,3.08,37,42.952828,-78.834029,191.8,174,3
163,0,1,496.45,3.08,37,42.9528,-78.834014,191.8,173,3
164,0,1,506.25,3.08,38,42.952772,-78.833999,191.9,171,3
165,0,1,509.17,3.07,38,42.952744,-78.833983,191.9,169,3
166,0,1,512.38,3.07,38,42.952715,-78.833968,191.9,169,3
167,0,1,517.1,3.07,39,42.952686,-78.833952,191.9,172,3
168,0,1,520.18,3.06,39,42.952657,-78.833935,192.0,172,3
169,0,1,523.19,3.06,39,42.952628,-78.833919,192.0,170,3
170,0,1,527.72,3.06,39,42.952599,-78.833902,192.0,168,3
171,0,1,530.94,3.06,40,42.952569,-78.833885,192.1,166,3
172,0,1,534.22,3.06,40,42.952539,-78.833868,192.1,166,3
173,0,1,537.54,3.06,40,42.95251,-78.833851,192.1,166,3
174,0,1,540.64,3.07,40,42.95248,-78.833834,192.2,166,3
175,0,1,540.64,3.07,40,42.952449,-78.833816,192.2,166,3
176,0,1,540.64,3.07,40,42.952419,-78.833799,192.2,167,3
177,0,1,543.66,3.08,41,42.952388,-78.833781,192.3,167,3
178,0,1,555.14,3.09,41,42.952358,-78.833763,192.3,168,3
179,0,1,558.41,3.08,41,42.952327,-78.833746,192.3,167,2
180,0,1,561.87,3.07,42,42.952296,-78.833728,192.3,168,3
181,0,1,567.19,3.07,42,42.952265,-78.83371,192.3,170,3
182,0,1,570.36,3.07,42,42.952234,-78.833693,192.3,171,3
183,0,1,573.47,3.06,42,42.952203,-78.833675,192.3,170,3
184,0,1,578.31,3.06,43,42.952172,-78.833658,192.4,167,3
185,0,1,581.47,3.06,43,42.95214,-78.833641,192.3,167,3
186,0,1,584.69,3.06,43,42.952109,-78.833624,192.3,168,3
187,0,1,589.68,3.06,44,42.952077,-78.833607,192.3,167,3
188,0,1,592.73,3.06,44,42.952046,-78.83359,192.3,170,3
189,0,1,595.82,3.06,44,42.952014,-78.833573,192.3,171,3
190,0,1,600.98,3.06,45,42.951982,-78.833557,192.3,172,3
191,0,1,604.35,3.06,45,42.951951,-78.833541,192.3,173,3
192,0,1,607.73,3.06,45,42.951919,-78.833525,192.2,174,3
193,0,1,611.91,3.06,45,42.951887,-78.833509,192.2,175,3
194,0,1,615.22,3.06,46,42.951856,-78.833493,192.2,178,3
195,0,1,618.24,3.06,46,42.951824,-78.833478,192.1,177,3
196,0,1,623.36,3.06,46,42.951793,-78.833462,192.1,177,3
197,0,1,627.0,3.07,46,42.951761,-78.833446,192.1,177,2
198,0,1,630.74,3.08,47,42.95173,-78.833431,192.0,177,2
199,0,1,634.45,3.11,47,42.951699,-78.833415,192.0,178,3
200,0,1,637.89,3.13,47,42.951668,-78.8334,191.9,179,3
201,0,1,641.32,3.16,48,42.951637,-78.833385,191.9,181,3
202,0,1,646.18,3.18,48,42.951607,-78.833369,191.9,182,3
203,0,1,649.56,3.2,48,42.951577,-78.833354,191.9,182,3
204,0,1,653.0,3.22,48,42.951547,-78.833338,191.9,182,2
205,0,1,656.88,3.23,49,42.951518,-78.833323,191.9,182,3
206,0,1,660.25,3.24,49,42.95149,-78.833308,191.9,182,3
207,0,1,663.68,3.24,49,42.951462,-78.833294,191.9,183,3
208,0,1,667.12,3.24,49,42.951435,-78.833279,191.9,183,3
209,0,1,670.15,3.24,50,42.95141,-78.833265,191.9,181,3
210,0,1,673.04,3.24,50,42.951383,-78.833252,191.9,183,3
211,0,1,676.58,3.24,50,42.951355,-78.833237,191.9,181,3
212,0,1,679.78,3.24,50,42.951325,-78.833222,192.0,182,3
213,0,1,683.2,3.24,51,42.951292,-78.833206,192.0,180,3
214,0,1,686.68,3.24,51,42.95126,-78.833191,192.0,180,3
215,0,1,690.13,3.24,51,42.951228,-78.833175,192.1,179,3
216,0,1,690.13,3.24,51,42.951196,-78.833159,192.1,179,3
217,0,1,690.13,3.24,51,42.951166,-78.833143,192.1,179,3
218,0,1,693.19,3.24,51,42.951135,-78.833127,192.2,176,3
219,0,1,703.91,3.24,52,42.951106,-78.833111,192.2,176,3
220,0,1,707.13,3.24,52,42.951076,-78.833095,192.3,175,3
221,0,1,710.35,3.24,52,42.951047,-78.833079,192.3,175,3
222,0,1,716.04,3.24,53,42.951017,-78.833062,192.4,175,3
223,0,1,718.79,3.24,53,42.950988,-78.833046,192.4,174,3
224,0,1,721.8,3.24,53,42.950958,-78.833028,192.5,172,3
225,0,1,726.71,3.24,54,42.950928,-78.833011,192.6,174,3
226,0,1,729.98,3.24,54,42.950897,-78.832993,192.6,175,3
227,0,1,733.29,3.24,54,42.950866,-78.832974,192.7,178,3
228,0,1,737.69,3.23,55,42.950834,-78.832955,192.8,180,3
229,0,1,741.17,3.23,55,42.950801,-78.832936,192.9,184,3
230,0,1,744.92,3.22,55,42.950767,-78.832916,192.9,182,3
231,0,1,749.04,3.22,55,42.950733,-78.832895,193.0,180,3
232,0,1,752.92,3.22,56,42.950698,-78.832875,193.0,179,3
233,0,1,757.06,3.22,56,42.950662,-78.832855,193.1,178,3
234,0,1,761.3,3.21,56,42.950626,-78.832836,193.1,181,3
235,0,1,765.41,3.21,56,42.95059,-78.832817,193.1,180,3
236,0,1,769.57,3.21,57,42.950553,-78.832799,193.1,181,3
237,0,1,774.21,3.21,57,42.950516,-78.832782,193.1,180,3
238,0,1,778.38,3.21,57,42.950479,-78.832766,193.1,180,3
239,0,1,782.52,3.21,58,42.950442,-78.832752,193.1,180,3
240,0,1,787.05,3.21,58,42.950405,-78.832739,193.1,179,3
241,0,1,791.17,3.22,58,42.950368,-78.832728,193.1,178,3
242,0,1,795.39,3.22,59,42.950332,-78.832719,193.1,178,3
243,0,1,799.59,3.22,59,42.950296,-78.832712,193.0,178,3
244,0,1,803.91,3.22,59,42.950261,-78.832706,193.0,178,3
245,0,1,808.11,3.22,60,42.950226,-78.8327,192.9,178,3
246,0,1,811.8,3.22,60,42.950193,-78.832695,192.9,178,3
247,0,1,815.61,3.22,60,42.950161,-78.83269,192.8,178,3
248,0,1,819.16,3.22,60,42.95013,-78.832685,192.8,177,3
249,0,1,823.45,3.22,61,42.950101,-78.832679,192.8,176,3
250,0,1,826.65,3.22,61,42.950074,-78.832672,192.7,175,3
251,0,1,829.67,3.22,61,42.950049,-78.832664,192.7,175,3
252,0,1,833.42,3.22,61,42.950024,-78.832655,192.7,173,3
253,0,1,836.28,3.22,62,42.95,-78.832646,192.6,175,3
254,0,1,839.15,3.25,62,42.949978,-78.832636,192.7,175,2
255,0,1,842.35,3.31,62,42.949955,-78.832626,192.7,174,3
256,0,1,845.48,3.39,62,42.949934,-78.832615,192.8,174,3
257,0,1,848.55,3.49,63,42.949912,-78.832604,192.8,174,3
258,0,1,851.43,3.58,63,42.949891,-78.832593,192.9,174,3
259,0,1,854.21,3.66,63,42.949869,-78.832581,192.9,173,3
260,0,1,856.94,3.72,63,42.949847,-78.83257,193.0,173,3
261,0,1,860.64,3.76,63,42.949825,-78.832558,193.0,172,2
262,0,1,863.52,3.77,64,42.949802,-78.832547,193.1,171,3
263,0,1,866.64,3.74,64,42.949779,-78.832536,193.2,170,3
264,0,1,869.73,3.67,64,42.949755,-78.832525,193.2,167,3
265,0,1,870.31,3.56,64,42.949732,-78.832514,193.3,166,3
266,0,1,873.14,3.41,64,42.949711,-78.832504,193.3,166,2
267,0,1,876.05,3.25,65,42.949691,-78.832494,193.4,165,3
268,0,1,878.49,3.12,65,42.949674,-78.832485,193.4,164,3
269,0,1,880.54,2.99,65,42.949661,-78.832476,193.5,164,2
270,0,1,881.74,2.85,65,42.949651,-78.832469,193.5,164,2
271,0,1,882.38,2.16,65,42.949644,-78.832463,193.5,164,2
272,0,1,882.93,1.5,65,42.949641,-78.832458,193.6,163,1
273,0,1,883.42,1.49,65,42.949641,-78.832456,193.6,160,3
274,0,1,883.68,1.49,65,42.949644,-78.832456,193.6,159,3
275,0,1,884.66,1.49,65,42.949651,-78.832459,193.5,158,1
276,0,1,890.89,1.48,66,42.94966,-78.832465,193.5,158,3
277,0,1,892.6,1.47,66,42.949673,-78.832474,193.5,159,3
278,0,1,894.82,1.47,66,42.949689,-78.832485,193.4,158,2
279,0,1,894.82,1.46,66,42.949708,-78.832499,193.4,161,3
280,0,1,897.79,1.46,66,42.949731,-78.832515,193.3,162,3
281,0,1,901.6,1.46,67,42.949757,-78.832533,193.2,162,3
282,0,1,905.53,1.47,67,42.949787,-78.832552,193.1,163,3
283,0,1,910.18,1.48,67,42.949821,-78.832572,193.0,162,3
284,0,1,914.88,1.49,68,42.949858,-78.832593,192.9,162,3
285,0,1,919.97,1.5,68,42.949899,-78.832614,192.8,162,3
286,0,1,925.09,1.52,68,42.949942,-78.832635,192.7,162,3
287,0,1,930.7,1.55,69,42.949987,-78.832655,192.6,163,3
288,0,1,936.67,1.57,69,42.950035,-78.832673,192.7,161,3
289,0,1,942.7,1.6,70,42.950084,-78.83269,192.7,160,3
290,0,1,948.88,1.64,70,42.950134,-78.832704,192.8,160,4
291,0,1,954.85,1.67,71,42.950186,-78.832716,192.8,163,3
292,0,1,960.37,1.71,71,42.950238,-78.832727,192.9,163,3
293,0,1,966.05,1.71,72,42.950291,-78.832738,192.9,164,4
294,0,1,971.91,1.74,72,42.950342,-78.832749,193.0,163,2
295,0,1,977.58,1.8,72,42.950393,-78.832761,193.0,162,4
296,0,1,983.36,1.96,73,42.950443,-78.832776,193.0,163,2
297,0,1,989.0,2.28,73,42.950492,-78.832791,193.1,164,5
298,0,1,994.38,2.79,74,42.950539,-78.832809,193.1,166,3
299,0,1,999.68,3.42,74,42.950586,-78.832827,193.1,165,3
300,0,1,1005.13,5.0,75,42.950631,-78.832847,193.1,164,3
301,0,1,1010.72,5.23,75,42.950676,-78.832868,193.0,163,3
302,0,1,1016.12,5.35,75,42.950721,-78.83289,193.0,163,3
303,0,1,1021.2,5.38,76,42.950765,-78.832913,192.9,161,4
304,0,1,1026.05,5.36,76,42.950808,-78.832936,192.9,159,2
305,0,1,1031.15,5.33,77,42.950852,-78.83296,192.8,160,4
306,0,1,1036.32,5.3,77,42.950895,-78.832984,192.7,161,3
307,0,1,1041.13,5.26,77,42.950938,-78.833008,192.6,162,3
308,0,1,1046.0,5.23,78,42.950982,-78.833032,192.5,161,2
309,0,1,1050.88,5.22,78,42.951026,-78.833056,192.4,162,4
310,0,1,1055.58,5.21,78,42.95107,-78.83308,192.3,164,4
311,0,1,1061.15,5.19,79,42.951114,-78.833103,192.3,164,2
312,0,1,1066.43,5.19,79,42.951158,-78.833126,192.2,165,4
313,0,1,1066.43,5.18,79,42.951203,-78.83315,192.1,166,2
314,0,1,1066.43,5.16,79,42.951247,-78.833173,192.1,168,4
315,0,1,1071.84,5.16,80,42.951292,-78.833196,192.0,168,4
316,0,1,1075.88,5.15,80,42.951336,-78.833218,192.0,170,3
317,0,1,1081.34,5.15,80,42.95138,-78.833241,192.0,169,3
318,0,1,1086.8,5.15,81,42.951424,-78.833264,191.9,171,3
319,0,1,1092.3,5.16,81,42.951468,-78.833286,191.9,171,3
320,0,1,1093.2,5.17,81,42.951511,-78.833309,191.9,171,4
321,0,1,1098.8,5.17,82,42.951554,-78.833331,191.9,171,2
322,0,1,1104.54,5.18,82,42.951596,-78.833354,191.9,172,4
323,0,1,1113.56,5.19,83,42.951638,-78.833376,191.9,174,3
324,0,1,1118.82,5.19,83,42.95168,-78.833399,192.0,177,3
325,0,1,1123.9,5.19,83,42.951722,-78.833421,192.0,177,3
326,0,1,1130.42,5.19,84,42.951763,-78.833444,192.1,179,3
327,0,1,1135.39,5.19,84,42.951805,-78.833466,192.1,178,4
328,0,1,1140.22,5.18,85,42.951846,-78.833489,192.2,177,3
329,0,1,1144.96,5.17,85,42.951888,-78.833511,192.2,177,3
330,0,1,1149.92,5.16,85,42.951929,-78.833534,192.2,179,3
331,0,1,1155.14,5.16,86,42.951971,-78.833556,192.3,178,3
332,0,1,1159.59,5.15,86,42.952013,-78.833579,192.3,177,3
333,0,1,1164.64,5.15,86,42.952056,-78.833601,192.3,176,3
334,0,1,1169.77,5.14,87,42.952099,-78.833624,192.3,176,4
335,0,1,1174.68,5.14,87,42.952142,-78.833647,192.3,179,3
336,0,1,1180.03,5.14,88,42.952186,-78.83367,192.3,184,3
337,0,1,1185.44,5.13,88,42.952231,-78.833693,192.3,184,3
338,0,1,1189.82,5.13,88,42.952276,-78.833716,192.3,183,3
339,0,1,1195.39,5.13,89,42.952321,-78.833739,192.3,183,3
340,0,1,1201.16,5.13,89,42.952367,-78.833762,192.3,182,3
341,0,1,1205.68,5.14,89,42.952412,-78.833786,192.3,181,4
342,0,1,1211.59,5.14,90,42.952458,-78.83381,192.2,181,3
343,0,1,1217.38,5.14,90,42.952503,-78.833834,192.2,181,3
344,0,1,1222.56,5.15,91,42.952548,-78.833859,192.1,181,3
345,0,1,1227.87,5.15,91,42.952593,-78.833883,192.1,183,3
346,0,1,1233.27,5.15,92,42.952637,-78.833908,192.0,183,4
347,0,1,1238.78,5.15,92,42.952681,-78.833932,192.0,184,2
348,0,1,1244.04,5.15,92,42.952724,-78.833957,192.0,183,4
349,0,1,1249.46,5.16,93,42.952767,-78.833981,191.9,182,2
350,0,1,1253.86,5.16,93,42.952809,-78.834004,191.9,180,4
351,0,1,1259.12,5.15,94,42.95285,-78.834028,191.8,179,3
352,0,1,1264.53,5.15,94,42.952891,-78.834051,191.8,178,3
353,0,1,1269.05,5.15,94,42.952931,-78.834074,191.8,176,3
354,0,1,1274.16,5.15,95,42.952971,-78.834097,191.8,178,3
355,0,1,1279.04,5.15,95,42.953011,-78.834119,191.7,177,3
356,0,1,1284.24,5.15,95,42.95305,-78.834142,191.7,177,4
357,0,1,1289.2,5.15,96,42.953089,-78.834164,191.7,177,3
358,0,1,1294.16,5.15,96,42.953128,-78.834186,191.7,177,3
359,0,1,1298.32,5.15,96,42.953166,-78.834207,191.8,179,3
360,0,1,1303.23,5.14,97,42.953205,-78.834229,191.8,180,3
361,0,1,1308.08,5.14,97,42.953243,-78.83425,191.8,182,3
362,0,1,1312.25,5.14,97,42.953281,-78.834272,191.8,182,3
363,0,1,1317.02,5.14,98,42.953319,-78.834293,191.8,181,3
364,0,1,1321.78,5.14,98,42.953357,-78.834315,191.8,180,3
365,0,1,1326.12,5.13,98,42.953396,-78.834336,191.8,179,3
366,0,1,1331.01,5.12,99,42.953434,-78.834357,191.7,179,3
367,0,1,1335.91,5.11,99,42.953472,-78.834379,191.7,180,3
368,0,1,1339.62,5.07,99,42.95351,-78.834401,191.7,180,4
369,0,1,1344.34,5.02,100,42.953549,-78.834423,191.6,180,3
370,0,1,1349.18,4.95,100,42.953587,-78.834445,191.6,178,3
371,0,1,1353.54,4.88,100,42.953625,-78.834467,191.5,177,3
372,0,1,1358.32,4.82,101,42.953662,-78.834488,191.5,177,3
373,0,1,1363.13,4.75,101,42.953698,-78.834509,191.4,176,3
374,0,1,1367.26,4.71,101,42.953734,-78.834529,191.4,174,3
375,0,1,1371.67,4.62,102,42.953768,-78.834548,191.3,173,3
376,0,1,1375.95,4.54,102,42.953802,-78.834566,191.3,173,3
377,0,1,1379.52,4.45,102,42.953835,-78.834584,191.2,172,3
378,0,1,1383.64,4.45,103,42.953867,-78.8346,191.1,171,3
379,0,1,1387.58,4.45,103,42.953898,-78.834617,191.1,171,3
380,0,1,1391.38,4.45,103,42.95393,-78.834633,191.0,170,3
381,0,1,1395.37,4.45,103,42.953961,-78.834648,191.0,170,3
382,0,1,1399.25,4.45,104,42.953992,-78.834664,190.9,170,3
383,0,1,1403.07,4.45,104,42.954023,-78.83468,190.9,169,3
384,0,1,1406.82,4.45,104,42.954055,-78.834696,190.8,168,3
385,0,1,1406.82,4.44,104,42.954087,-78.834712,190.8,166,4
386,0,1,1406.82,4.44,104,42.95412,-78.834729,190.7,166,2
387,0,1,1410.68,4.43,104,42.954153,-78.834747,190.6,165,4
388,0,1,1421.34,4.42,105,42.954188,-78.834766,190.6,165,3
389,0,1,1425.17,4.38,105,42.954223,-78.834785,190.6,163,3
390,0,1,1429.11,4.33,106,42.95426,-78.834806,190.6,164,3
391,0,1,1433.31,4.25,106,42.954296,-78.834827,190.6,164,3
392,0,1,1437.28,4.19,106,42.954334,-78.834848,190.7,164,3
393,0,1,1437.28,4.14,106,42.954371,-78.83487,190.7,164,3
394,0,1,1437.28,4.11,106,42.954408,-78.834891,190.7,162,3
395,0,1,1441.76,4.13,106,42.954444,-78.834913,190.8,162,3
396,0,1,1446.27,4.17,107,42.95448,-78.834934,190.8,161,3
397,0,1,1455.89,4.17,107,42.954515,-78.834954,190.9,160,3
398,0,1,1460.01,4.17,108,42.95455,-78.834974,190.9,160,3
399,0,1,1464.2,4.17,108,42.954584,-78.834994,191.0,159,3
400,0,1,1473.97,4.17,108,42.954618,-78.835014,191.1,161,3
401,0,1,1477.97,4.17,109,42.954653,-78.835034,191.2,161,3
402,0,1,1481.76,4.17,109,42.954687,-78.835054,191.3,160,4
403,0,1,1486.75,4.17,109,42.954722,-78.835074,191.4,159,3
404,0,1,1491.04,4.17,110,42.954757,-78.835094,191.4,159,3
405,0,1,1495.4,4.17,110,42.954792,-78.835114,191.5,159,3
406,0,1,1498.09,4.17,110,42.954828,-78.835135,191.6,159,3
407,0,1,1502.48,4.17,110,42.954863,-78.835157,191.7,157,3
408,0,1,1506.87,4.17,111,42.954898,-78.835178,191.8,158,3
409,0,1,1511.38,4.17,111,42.954934,-78.8352,191.9,156,2
410,0,1,1515.71,4.17,111,42.954969,-78.835223,191.9,155,4
411,0,1,1515.71,4.17,111,42.955004,-78.835245,192.0,152,2
412,0,1,1515.71,4.17,111,42.95504,-78.835267,191.9,154,4
413,0,1,1519.9,4.17,112,42.955075,-78.835287,191.9,152,3
414,0,1,1531.85,4.17,112,42.955111,-78.835306,191.8,152,3
415,0,1,1535.86,4.17,113,42.955146,-78.835324,191.7,152,3
416,0,1,1539.83,4.17,113,42.955182,-78.83534,191.7,150,3
417,0,1,1545.98,4.17,113,42.955218,-78.835355,191.6,150,3
418,0,1,1550.09,4.17,114,42.955253,-78.83537,191.5,151,3
419,0,1,1554.37,4.17,114,42.955289,-78.835385,191.5,150,3
420,0,1,1558.4,4.17,114,42.955325,-78.8354,191.4,152,3
421,0,1,1562.81,4.17,114,42.95536,-78.835416,191.4,153,3
422,0,1,1567.05,4.17,115,42.955396,-78.835433,191.3,151,3
423,0,1,1571.18,4.17,115,42.955431,-78.835451,191.2,150,3
424,0,1,1575.49,4.17,115,42.955466,-78.835471,191.2,148,3
425,0,1,1579.52,4.17,116,42.955502,-78.835492,191.2,148,3
426,0,1,1584.04,4.17,116,42.955537,-78.835514,191.1,148,3
427,0,1,1588.16,4.17,116,42.955573,-78.835537,191.1,146,3
428,0,1,1592.33,4.17,117,42.955609,-78.835561,191.0,147,3
429,0,1,1596.32,4.17,117,42.955645,-78.835586,191.0,147,3
430,0,1,1600.51,4.17,117,42.955682,-78.835612,191.0,146,3
431,0,1,1600.51,4.17,117,42.95572,-78.835638,190.9,144,3
432,0,1,1600.51,4.17,117,42.955759,-78.835664,190.9,143,3
433,0,1,1604.99,4.17,118,42.955799,-78.835689,190.9,142,3
434,0,1,1609.97,4.17,118,42.955841,-78.835714,190.8,139,4
435,0,1,1615.07,4.17,118,42.955884,-78.835739,190.8,140,3
436,0,1,1619.27,4.17,119,42.955929,-78.835762,190.8,140,3
437,0,1,1624.02,4.17,119,42.955975,-78.835785,190.8,141,3
438,0,1,1628.86,4.17,119,42.956021,-78.835807,190.7,141,3
439,0,1,1633.79,4.17,120,42.956066,-78.83583,190.7,141,3
440,0,1,1638.84,4.18,120,42.956111,-78.835852,190.6,138,3
441,0,1,1644.91,4.18,120,42.956155,-78.835874,190.5,138,3
442,0,1,1649.99,4.18,121,42.956197,-78.835897,190.4,138,4
443,0,1,1654.92,4.18,121,42.956237,-78.83592,190.3,138,3
444,0,1,1659.85,4.19,122,42.956276,-78.835942,190.2,139,3
445,0,1,1670.11,4.21,122,42.956314,-78.835964,190.1,139,3
446,0,1,1674.69,4.24,122,42.95635,-78.835986,190.0,138,3
447,0,1,1679.09,4.28,123,42.956386,-78.836007,189.9,140,3
448,0,1,1683.23,4.32,123,42.95642,-78.836027,189.8,139,3
449,0,1,1687.28,4.34,123,42.956454,-78.836045,189.7,141,3
450,0,1,1691.33,4.34,124,42.956487,-78.836063,189.7,140,3
451,0,1,1695.51,4.34,124,42.95652,-78.836081,189.6,143,3
452,0,1,1699.74,4.34,124,42.956554,-78.836098,189.5,144,3
453,0,1,1709.45,4.34,125,42.956588,-78.836115,189.4,146,3
454,0,1,1713.7,4.34,125,42.956623,-78.836133,189.3,144,3
455,0,1,1718.12,4.34,125,42.95666,-78.836152,189.2,142,3
456,0,1,1722.59,4.34,126,42.956698,-78.836172,189.2,141,3
457,0,1,1727.08,4.34,126,42.956736,-78.836192,189.2,141,3
458,0,1,1727.08,4.34,126,42.956776,-78.836213,189.2,142,4
459,0,1,1727.08,4.34,126,42.956816,-78.836234,189.2,141,3
460,0,1,1731.68,4.34,126,42.956857,-78.836255,189.2,141,3
461,0,1,1744.06,4.34,127,42.956898,-78.836277,189.2,140,3
462,0,1,1748.74,4.34,127,42.956939,-78.836299,189.2,140,3
463,0,1,1753.86,4.34,128,42.956981,-78.836321,189.3,141,3
464,0,1,1758.9,4.34,128,42.957022,-78.836342,189.3,140,3
465,0,1,1760.56,4.34,128,42.957062,-78.836364,189.3,140,3
466,0,1,1765.26,4.34,128,42.957102,-78.836385,189.4,140,3
467,0,1,1769.89,4.34,129,42.957141,-78.836405,189.4,139,3
468,0,1,1778.95,4.34,129,42.95718,-78.836425,189.5,139,3
469,0,1,1783.43,4.34,129,42.957217,-78.836444,189.5,140,3
470,0,1,1787.74,4.34,130,42.957254,-78.836463,189.6,140,3
471,0,1,1792.14,4.34,130,42.957289,-78.836481,189.6,140,3
472,0,1,1796.43,4.34,130,42.957324,-78.836498,189.7,140,4
473,0,1,1796.43,4.34,130,42.957359,-78.836516,189.7,141,3
474,0,1,1796.43,4.34,130,42.957393,-78.836533,189.8,139,2
475,0,1,1800.32,4.34,131,42.957427,-78.83655,189.8,139,4
476,0,1,1812.53,4.34,131,42.95746,-78.836567,189.9,138,3
477,0,1,1816.71,4.34,132,42.957494,-78.836585,190.0,138,2
478,0,1,1820.97,4.34,132,42.957528,-78.836602,189.9,137,4
479,0,1,1825.97,4.34,132,42.957562,-78.836621,189.9,137,2
480,0,1,1830.23,4.34,132,42.957597,-78.836639,189.8,134,4
481,0,1,1834.28,4.34,133,42.957632,-78.836659,189.7,133,3
482,0,1,1838.74,4.33,133,42.957668,-78.836679,189.6,133,3
483,0,1,1843.02,4.33,133,42.957705,-78.8367,189.5,134,3
484,0,1,1847.45,4.33,134,42.957742,-78.836721,189.4,134,3
485,0,1,1851.7,4.33,134,42.957779,-78.836742,189.3,136,3
486,0,1,1856.37,4.33,134,42.957816,-78.836764,189.3,137,3
487,0,1,1861.03,4.33,135,42.957853,-78.836785,189.2,137,3
488,0,1,1865.52,4.34,135,42.95789,-78.836806,189.1,136,3
489,0,1,1869.98,4.34,135,42.957926,-78.836826,189.1,136,2
490,0,1,1869.98,4.34,135,42.957962,-78.836846,189.0,135,4
491,0,1,1869.98,4.34,135,42.957996,-78.836865,189.0,134,3
492,0,1,1874.31,4.34,136,42.95803,-78.836883,189.0,135,3
493,0,1,1878.52,4.34,136,42.958063,-78.8369,188.9,137,2
494,0,1,1882.67,4.34,136,42.958095,-78.836917,188.9,140,3
495,0,1,1888.11,4.34,137,42.958126,-78.836932,188.9,144,3
496,0,1,1891.8,4.34,137,42.958156,-78.836947,188.9,150,3
497,0,1,1895.28,4.33,137,42.958184,-78.836961,188.9,153,3
498,0,1,1906.94,4.33,138,42.95821,-78.836973,188.9,154,2
499,0,1,1909.9,4.33,138,42.958234,-78.836985,188.9,154,3
500,0,1,1912.54,4.33,138,42.958255,-78.836995,188.9,153,3
501,0,1,1918.33,4.32,139,42.958273,-78.837003,188.9,152,2
502,0,1,1920.29,4.29,139,42.958288,-78.83701,188.9,152,2
503,0,1,1921.82,4.24,139,42.958299,-78.837014,188.9,152,2
504,0,1,1924.94,4.13,139,42.958307,-78.837018,188.9,152,3
505,0,1,1925.94,4.03,139,42.958313,-78.83702,188.9,152,2
506,0,1,1926.84,3.95,139,42.958316,-78.837021,188.9,152,1
507,0,1,1928.4,3.87,139,42.958318,-78.837022,188.9,152,2
508,0,1,1928.71,3.79,139,42.958319,-78.837022,188.9,151,1
509,0,1,1929.66,3.7,139,42.958319,-78.837023,188.9,150,0
510,0,1,1929.66,3.62,139,42.95832,-78.837023,188.9,150,0
511,0,1,1929.66,3.53,139,42.95832,-78.837023,188.9,150,0
512,0,1,1929.66,0.0,139,42.95832,-78.837024,188.9,149,0
513,0,1,1929.66,0.0,140,42.95832,-78.837024,188.9,147,0
514,0,1,1929.66,0.0,140,42.95832,-78.837024,188.9,145,0
515,0,1,1929.66,0.0,140,42.958319,-78.837024,188.9,144,0
516,0,1,1929.66,0.0,140,42.958319,-78.837024,188.9,142,0
517,0,1,1929.66,0.0,140,42.958318,-78.837024,188.9,144,0
518,0,1,1929.66,0.0,140,42.958318,-78.837024,188.9,145,0
519,0,1,1929.66,0.0,140,42.958318,-78.837024,188.9,142,0
520,0,1,1929.66,0.0,140,42.958318,-78.837024,188.9,139,0
521,0,1,1929.66,0.0,140,42.958318,-78.837024,188.9,138,0
522,0,1,1929.66,0.0,140,42.958318,-78.837024,188.9,138,0
523,0,1,1929.66,0.0,140,42.958318,-78.837024,188.9,137,0
524,0,1,1929.66,0.0,140,42.958318,-78.837023,188.9,137,0
525,0,1,1929.66,0.0,140,42.958318,-78.837023,188.9,139,0
526,0,1,1929.66,0.0,140,42.958318,-78.837023,188.9,135,0
527,0,1,1929.66,0.0,140,42.958318,-78.837023,188.9,135,0
528,0,1,1929.66,0.0,140,42.958317,-78.837023,188.9,139,0
529,0,1,1929.66,0.0,140,42.958316,-78.837024,188.9,139,0
530,0,1,1929.66,0.0,140,42.958315,-78.837024,188.9,139,0
531,0,1,1929.66,0.0,140,42.958313,-78.837025,188.9,136,0
532,0,1,1929.66,0.0,140,42.95831,-78.837027,188.9,135,0
533,0,1,1930.57,0.0,140,42.958307,-78.837029,188.9,134,0
534,0,1,1931.79,0.19,140,42.958303,-78.837031,188.9,135,0
535,0,1,1932.62,0.52,140,42.958298,-78.837034,188.9,134,0
536,0,1,1932.62,0.58,140,42.958292,-78.837036,188.9,134,0
537,0,1,1933.18,0.64,140,42.958283,-78.837038,188.9,134,0
538,0,1,1934.76,0.78,140,42.958271,-78.837038,188.9,134,8
539,0,1,1936.21,0.95,140,42.958257,-78.837036,188.9,133,2
540,0,1,1938.37,1.33,141,42.958239,-78.837033,189.0,134,3
541,0,1,1940.25,1.5,141,42.958221,-78.837027,189.0,132,3
542,0,1,1942.1,1.61,141,42.958201,-78.837019,189.0,132,2
543,0,1,1944.05,1.68,141,42.958182,-78.837009,189.0,131,3
544,0,1,1946.14,1.72,141,42.958162,-78.836998,189.0,130,3
545,0,1,1948.57,1.75,141,42.958143,-78.836986,189.0,129,2
546,0,1,1950.93,1.8,142,42.958123,-78.836972,189.0,126,3
547,0,1,1953.21,1.84,142,42.958102,-78.836958,189.0,126,3
548,0,1,1955.76,1.9,142,42.958082,-78.836944,189.0,127,2
549,0,1,1958.51,1.97,142,42.958061,-78.83693,189.0,126,3
550,0,1,1961.2,2.03,142,42.95804,-78.836916,189.0,127,3
551,0,1,1963.78,2.07,143,42.958019,-78.836901,189.0,127,3
552,0,1,1966.49,2.11,143,42.957998,-78.836887,189.0,129,2
553,0,1,1969.38,2.15,143,42.957977,-78.836872,189.0,128,3
554,0,1,1971.93,2.18,143,42.957955,-78.836858,189.1,127,3
555,0,1,1974.15,2.19,143,42.957933,-78.836843,189.1,127,3
556,0,1,1976.53,2.19,144,42.957911,-78.836828,189.1,126,2
557,0,1,1979.37,2.21,144,42.957888,-78.836813,189.1,128,3
558,0,1,1982.47,2.23,144,42.957865,-78.836798,189.2,129,3
559,0,1,1985.34,2.26,144,42.957842,-78.836783,189.2,129,3
560,0,1,1988.34,2.29,145,42.957818,-78.836767,189.3,129,3
561,0,1,1991.35,2.31,145,42.957794,-78.836751,189.3,129,2
562,0,1,1994.44,2.34,145,42.95777,-78.836735,189.3,127,3
563,0,1,1997.37,2.37,145,42.957745,-78.836718,189.4,127,3
564,0,1,2000.18,2.39,145,42.95772,-78.836702,189.5,127,3
565,0,1,2003.3,2.41,146,42.957694,-78.836685,189.5,127,2
566,0,1,2006.21,2.43,146,42.957668,-78.836668,189.6,131,3
567,0,1,2009.1,2.44,146,42.957643,-78.836652,189.7,131,3
568,0,1,2012.43,2.45,146,42.957617,-78.836636,189.7,132,3
569,0,1,2016.28,2.48,147,42.957591,-78.83662,189.8,132,3
570,0,1,2019.27,2.51,147,42.957565,-78.836604,189.8,131,2
571,0,1,2022.34,2.53,147,42.957539,-78.836589,189.9,131,3
572,0,1,2025.23,2.56,147,42.957513,-78.836574,190.0,126,3
573,0,1,2028.15,2.58,148,42.957487,-78.83656,190.0,125,3
574,0,1,2028.15,2.6,148,42.957462,-78.836547,189.9,125,3
575,0,1,2028.15,2.61,148,42.957436,-78.836535,189.9,127,2
576,0,1,2030.87,2.62,148,42.957411,-78.836523,189.8,127,3
577,0,1,2033.77,2.63,148,42.957386,-78.836512,189.8,126,3
578,0,1,2036.54,2.65,148,42.957361,-78.836502,189.7,126,3
579,0,1,2036.54,2.65,148,42.957337,-78.836491,189.7,125,3
580,0,1,2036.54,2.65,148,42.957311,-78.836481,189.6,127,3
581,0,1,2039.62,2.66,149,42.957286,-78.836471,189.6,127,2
582,0,1,2048.2,2.66,149,42.95726,-78.83646,189.6,127,3
583,0,1,2051.4,2.66,149,42.957234,-78.836448,189.5,126,3
584,0,1,2054.56,2.67,150,42.957208,-78.836436,189.5,127,3
585,0,1,2058.3,2.67,150,42.957182,-78.836423,189.5,128,3
586,0,1,2061.33,2.68,150,42.957156,-78.836411,189.4,128,3
587,0,1,2064.07,2.68,150,42.957131,-78.836399,189.4,127,3
588,0,1,2067.66,2.68,151,42.957107,-78.836387,189.4,126,2
589,0,1,2070.06,2.68,151,42.957085,-78.836375,189.4,126,3
590,0,1,2072.29,2.68,151,42.957063,-78.836364,189.3,126,3
591,0,1,2075.79,2.68,151,42.957042,-78.836353,189.3,126,3
592,0,1,2077.84,2.67,151,42.957021,-78.836342,189.3,127,3
593,0,1,2080.19,2.66,152,42.957001,-78.836331,189.3,127,3
594,0,1,2082.54,2.66,152,42.95698,-78.836319,189.3,128,3
595,0,1,2084.91,2.65,152,42.956958,-78.836306,189.3,128,2
596,0,1,2084.91,2.65,152,42.956936,-78.836293,189.3,129,3
597,0,1,2084.91,2.65,152,42.956913,-78.836278,189.2,130,3
598,0,1,2087.4,2.65,152,42.956888,-78.836263,189.2,133,3
599,0,1,2089.99,2.64,152,42.956863,-78.836247,189.2,134,3
600,0,1,2092.71,2.64,153,42.956836,-78.83623,189.2,135,3
601,0,1,2097.2,2.64,153,42.956808,-78.836212,189.2,135,3
602,0,1,2099.69,2.65,153,42.956779,-78.836194,189.3,133,2
603,0,1,2102.51,2.65,153,42.956749,-78.836175,189.3,132,3
604,0,1,2105.56,2.65,154,42.956718,-78.836155,189.3,131,3
605,0,1,2108.91,2.65,154,42.956686,-78.836136,189.3,131,3
606,0,1,2112.77,2.66,154,42.956654,-78.836116,189.3,132,3
607,0,1,2116.17,2.66,154,42.956622,-78.836095,189.4,133,3
608,0,1,2119.38,2.67,155,42.95659,-78.836076,189.5,134,3
609,0,1,2122.81,2.67,155,42.956558,-78.836056,189.6,133,3
610,0,1,2126.21,2.68,155,42.956527,-78.836036,189.7,133,3
611,0,1,2131.68,2.69,156,42.956496,-78.836017,189.8,131,2
612,0,1,2134.98,2.69,156,42.956467,-78.835999,189.8,129,3
613,0,1,2138.32,2.7,156,42.956437,-78.835981,189.9,129,3
614,0,1,2141.73,2.71,156,42.956409,-78.835964,190.0,127,3
615,0,1,2145.08,2.72,157,42.95638,-78.835948,190.1,127,3
616,0,1,2150.07,2.75,157,42.956353,-78.835933,190.1,126,3
617,0,1,2152.82,2.8,157,42.956326,-78.835919,190.2,124,3
618,0,1,2155.63,2.84,157,42.9563,-78.835906,190.3,123,3
619,0,1,2166.53,2.84,158,42.956274,-78.835893,190.3,122,2
620,0,1,2169.02,2.85,158,42.95625,-78.83588,190.4,121,3
621,0,1,2171.34,2.85,158,42.956227,-78.835868,190.4,120,3
622,0,1,2177.13,2.85,159,42.956205,-78.835855,190.5,123,3
623,0,1,2179.46,2.85,159,42.956184,-78.835843,190.6,123,3
624,0,1,2181.74,2.85,159,42.956164,-78.83583,190.6,123,3
625,0,1,2183.94,2.85,159,42.956144,-78.835817,190.6,122,3
626,0,1,2186.1,2.85,160,42.956123,-78.835804,190.6,121,2
627,0,1,2186.1,2.85,160,42.9561,-78.83579,190.6,121,3
628,0,1,2186.1,2.85,160,42.956076,-78.835775,190.6,121,3
629,0,1,2188.58,2.85,160,42.956048,-78.83576,190.7,122,3
630,0,1,2191.19,2.86,160,42.956019,-78.835745,190.7,125,3
631,0,1,2193.82,2.86,160,42.955989,-78.835731,190.7,126,3
632,0,1,2198.11,2.85,161,42.955961,-78.835718,190.7,128,3
633,0,1,2200.77,2.85,161,42.955934,-78.835708,190.7,128,2
634,0,1,2203.41,2.86,161,42.955909,-78.835698,190.7,129,3
635,0,1,2206.03,2.86,161,42.955885,-78.83569,190.8,128,3
636,0,1,2208.51,2.86,161,42.955862,-78.835681,190.8,128,3
637,0,1,2210.96,2.86,162,42.955839,-78.835671,190.8,132,3
638,0,1,2214.68,2.86,162,42.955812,-78.835659,190.8,133,3
639,0,1,2217.38,2.86,162,42.955783,-78.835644,190.8,134,3
640,0,1,2220.26,2.86,162,42.955751,-78.835627,190.9,132,3
641,0,1,2223.25,2.86,163,42.95572,-78.835609,190.9,135,2
642,0,1,2226.39,2.86,163,42.955691,-78.83559,190.9,142,3
643,0,1,2231.81,2.86,163,42.955664,-78.835571,191.0,140,3
644,0,1,2234.86,2.86,163,42.955638,-78.835553,191.0,140,3
645,0,1,2237.87,2.86,164,42.955614,-78.835535,191.0,139,3
646,0,1,2240.66,2.87,164,42.95559,-78.835518,191.0,142,3
647,0,1,2243.46,2.86,164,42.955567,-78.835501,191.0,140,2
648,0,1,2249.56,2.85,165,42.955543,-78.835485,191.1,140,3
649,0,1,2252.2,2.85,165,42.955519,-78.835471,191.1,141,3
650,0,1,2254.93,2.84,165,42.955494,-78.835457,191.1,142,3
651,0,1,2257.7,2.84,165,42.955469,-78.835445,191.2,143,3
652,0,1,2260.68,2.84,165,42.955444,-78.835433,191.2,147,3
653,0,1,2264.94,2.87,166,42.95542,-78.835421,191.2,151,3
654,0,1,2267.77,2.88,166,42.955395,-78.83541,191.3,154,3
655,0,1,2270.59,2.84,166,42.955371,-78.835399,191.3,154,2
656,0,1,2278.62,2.83,167,42.955348,-78.835388,191.4,154,3
657,0,1,2281.15,2.83,167,42.955326,-78.835377,191.4,154,3
658,0,1,2283.59,2.83,167,42.955303,-78.835366,191.4,154,3
659,0,1,2287.97,2.83,167,42.955281,-78.835354,191.5,151,3
660,0,1,2290.28,2.83,168,42.955259,-78.835342,191.5,153,3
661,0,1,2292.58,2.83,168,42.955236,-78.835329,191.5,151,2
662,0,1,2294.8,2.83,168,42.955213,-78.835315,191.6,150,3
663,0,1,2296.96,2.83,168,42.955189,-78.835301,191.6,149,3
664,0,1,2296.96,2.83,168,42.955164,-78.835286,191.7,147,3
665,0,1,2296.96,2.83,168,42.955138,-78.835271,191.7,146,3
666,0,1,2299.66,2.78,168,42.955112,-78.835255,191.8,146,2
667,0,1,2302.22,2.83,169,42.955086,-78.835239,191.8,146,3
668,0,1,2309.27,2.83,169,42.955059,-78.835224,191.9,146,3
669,0,1,2311.83,2.83,169,42.955032,-78.835208,191.9,148,3
670,0,1,2314.48,2.83,170,42.955004,-78.835193,192.0,147,3
671,0,1,2322.07,2.83,170,42.954977,-78.835179,192.0,146,3
672,0,1,2324.95,2.83,170,42.95495,-78.835164,191.9,146,3
673,0,1,2327.79,2.83,171,42.954922,-78.83515,191.8,146,2
674,0,1,2330.92,2.83,171,42.954895,-78.835135,191.8,145,3
675,0,1,2334.26,2.83,171,42.954868,-78.835121,191.7,146,3
676,0,1,2334.26,2.83,171,42.954841,-78.835107,191.6,146,3
677,0,1,2334.26,2.83,171,42.954815,-78.835093,191.6,146,3
678,0,1,2337.08,2.83,171,42.954789,-78.835078,191.5,146,2
679,0,1,2339.75,2.83,172,42.954763,-78.835064,191.5,147,3
680,0,1,2342.53,2.83,172,42.954738,-78.835049,191.4,150,3
681,0,1,2348.69,2.83,172,42.954713,-78.835035,191.3,150,3
682,0,1,2351.3,2.83,172,42.954689,-78.83502,191.3,154,3
683,0,1,2354.19,2.83,173,42.954665,-78.835004,191.2,153,3
684,0,1,2357.22,2.83,173,42.954642,-78.834989,191.1,152,2
685,0,1,2360.2,2.83,173,42.95462,-78.834974,191.1,152,3
686,0,1,2363.74,2.83,173,42.954598,-78.834959,191.1,154,3
687,0,1,2366.51,2.83,174,42.954577,-78.834944,191.0,153,3
688,0,1,2369.43,2.82,174,42.954556,-78.834931,191.0,150,3
689,0,1,2371.85,2.82,174,42.954535,-78.834918,191.0,150,2
690,0,1,2374.38,2.83,174,42.954514,-78.834906,190.9,150,3
691,0,1,2377.94,2.83,175,42.954494,-78.834894,190.9,150,3
692,0,1,2380.34,2.83,175,42.954473,-78.834884,190.9,150,3
693,0,1,2382.78,2.83,175,42.954452,-78.834873,190.8,151,3
694,0,1,2385.14,2.83,175,42.954431,-78.834863,190.8,151,2
695,0,1,2387.62,2.83,175,42.954409,-78.834852,190.8,152,3
696,0,1,2390.19,2.83,176,42.954387,-78.834841,190.8,152,3
697,0,1,2392.82,2.83,176,42.954363,-78.834829,190.7,152,3
698,0,1,2395.53,2.83,176,42.954339,-78.834817,190.7,152,3
699,0,1,2398.17,2.83,176,42.954315,-78.834804,190.7,151,3
700,0,1,2401.04,2.83,176,42.95429,-78.834791,190.7,151,2
701,0,1,2403.44,2.83,177,42.954265,-78.834779,190.7,148,3
702,0,1,2405.94,2.83,177,42.95424,-78.834766,190.7,147,3
703,0,1,2408.31,2.83,177,42.954215,-78.834753,190.7,147,3
704,0,1,2410.68,2.83,177,42.95419,-78.834741,190.7,146,3
705,0,1,2412.9,2.82,177,42.954166,-78.834729,190.7,148,3
706,0,1,2418.1,2.82,178,42.954142,-78.834717,190.7,149,2
707,0,1,2420.32,2.82,178,42.954118,-78.834706,190.7,150,3
708,0,1,2422.25,2.82,178,42.954095,-78.834696,190.8,151,3
709,0,1,2424.56,2.82,178,42.954073,-78.834686,190.8,149,3
710,0,1,2426.9,2.82,179,42.954051,-78.834678,190.9,149,3
711,0,1,2432.5,2.82,179,42.954031,-78.834669,190.9,148,2
712,0,1,2434.69,2.82,179,42.95401,-78.834662,190.9,147,3
713,0,1,2436.79,2.82,179,42.953991,-78.834654,191.0,145,3
714,0,1,2438.79,2.82,179,42.953971,-78.834646,191.0,144,3
715,0,1,2440.81,2.81,180,42.953952,-78.834638,191.0,144,3
716,0,1,2445.26,2.81,180,42.953933,-78.83463,191.0,144,3
717,0,1,2447.07,2.81,180,42.953914,-78.83462,191.1,145,2
718,0,1,2448.7,2.81,180,42.953895,-78.83461,191.1,143,3
719,0,1,2456.02,2.81,181,42.953875,-78.8346,191.1,142,3
720,0,1,2458.19,2.8,181,42.953855,-78.834589,191.2,142,3
721,0,1,2459.98,2.8,181,42.953835,-78.834578,191.2,143,3
722,0,1,2463.53,2.79,181,42.953814,-78.834567,191.2,141,3
723,0,1,2465.14,2.79,181,42.953793,-78.834556,191.3,141,2
724,0,1,2466.88,2.78,181,42.953771,-78.834546,191.3,141,3
725,0,1,2468.72,2.76,182,42.953748,-78.834536,191.3,139,3
726,0,1,2470.88,2.76,182,42.953724,-78.834527,191.4,139,3
727,0,1,2471.59,2.75,182,42.9537,-78.834518,191.4,139,3
728,0,1,2473.74,2.73,182,42.953674,-78.834509,191.4,139,2
729,0,1,2475.94,2.7,182,42.953649,-78.8345,191.4,138,3
730,0,1,2477.96,2.7,182,42.953624,-78.83449,191.5,139,3
731,0,1,2479.96,2.7,182,42.953599,-78.834479,191.5,136,3
732,0,1,2484.74,2.7,183,42.953574,-78.834467,191.5,136,3
733,0,1,2486.99,2.68,183,42.953549,-78.834454,191.6,136,2
734,0,1,2489.24,2.68,183,42.953525,-78.834441,191.6,134,3
735,0,1,2491.74,2.67,183,42.9535,-78.834427,191.6,135,3
736,0,1,2494.05,2.67,184,42.953476,-78.834412,191.7,134,3
737,0,1,2498.96,2.67,184,42.953451,-78.834397,191.7,134,3
738,0,1,2501.43,2.65,184,42.953426,-78.834382,191.7,135,2
739,0,1,2504.22,2.65,184,42.953402,-78.834366,191.7,135,3
740,0,1,2512.84,2.64,185,42.953377,-78.834351,191.8,134,3
741,0,1,2515.6,2.63,185,42.953353,-78.834335,191.8,136,3
742,0,1,2518.28,2.62,185,42.953328,-78.834319,191.8,135,2
743,0,1,2523.3,2.62,186,42.953304,-78.834304,191.8,138,3
744,0,1,2526.13,2.61,186,42.95328,-78.834289,191.8,138,3
745,0,1,2528.5,2.61,186,42.953256,-78.834274,191.8,138,3
746,0,1,2532.28,2.6,186,42.953232,-78.83426,191.8,139,3
747,0,1,2534.76,2.59,187,42.953209,-78.834247,191.8,140,2
748,0,1,2537.07,2.59,187,42.953186,-78.834234,191.8,139,3
749,0,1,2540.37,2.58,187,42.953163,-78.834222,191.7,139,3
750,0,1,2542.61,2.58,187,42.953141,-78.83421,191.7,139,3
751,0,1,2544.93,2.57,187,42.953118,-78.834199,191.7,139,2
752,0,1,2548.42,2.55,188,42.953096,-78.834189,191.7,138,3
753,0,1,2550.58,2.55,188,42.953074,-78.834178,191.7,138,3
754,0,1,2552.86,2.55,188,42.953052,-78.834168,191.7,138,3
755,0,1,2556.42,2.55,188,42.95303,-78.834157,191.7,138,3
756,0,1,2559.23,2.54,189,42.953008,-78.834146,191.7,138,2
757,0,1,2561.76,2.54,189,42.952985,-78.834135,191.7,139,3
758,0,1,2564.16,2.54,189,42.952963,-78.834124,191.7,141,3
759,0,1,2566.75,2.54,189,42.95294,-78.834113,191.7,142,3
760,0,1,2569.0,2.54,189,42.952918,-78.834102,191.7,142,3
761,0,1,2572.54,2.54,190,42.952896,-78.834091,191.7,144,3
762,0,1,2574.57,2.54,190,42.952874,-78.834081,191.7,144,2
763,0,1,2576.41,2.55,190,42.952853,-78.83407,191.7,146,3
764,0,1,2580.37,2.55,190,42.952831,-78.83406,191.7,144,3
765,0,1,2582.2,2.55,190,42.95281,-78.834051,191.7,144,3
766,0,1,2584.09,2.53,190,42.952789,-78.834041,191.7,144,2
767,0,1,2587.59,2.55,191,42.952768,-78.834032,191.8,143,3
768,0,1,2589.7,2.55,191,42.952748,-78.834022,191.8,141,3
769,0,1,2592.01,2.56,191,42.952727,-78.834013,191.8,140,3
770,0,1,2594.7,2.53,191,42.952706,-78.834004,191.8,140,2
771,0,1,2597.04,2.56,191,42.952685,-78.833995,191.8,141,3
772,0,1,2599.29,2.56,192,42.952664,-78.833985,191.8,141,3
773,0,1,2602.36,2.57,192,42.952643,-78.833976,191.8,141,3
774,0,1,2604.55,2.53,192,42.952622,-78.833966,191.8,142,2
775,0,1,2606.81,2.52,192,42.9526,-78.833956,191.8,142,3
776,0,1,2609.9,2.57,192,42.952579,-78.833945,191.9,144,3
777,0,1,2612.03,2.57,193,42.952557,-78.833934,191.9,146,3
778,0,1,2614.02,2.57,193,42.952535,-78.833924,191.9,146,3
779,0,1,2617.56,2.52,193,42.952513,-78.833913,191.9,148,2
780,0,1,2619.76,2.52,193,42.952492,-78.833902,191.9,143,3
781,0,1,2621.87,2.52,193,42.952471,-78.833892,192.0,142,3
782,0,1,2625.04,2.57,194,42.952451,-78.833881,192.0,142,3
783,0,1,2627.06,2.52,194,42.952431,-78.833872,192.0,143,2
784,0,1,2629.26,2.52,194,42.952412,-78.833862,192.0,145,3
785,0,1,2632.01,2.52,194,42.952393,-78.833852,192.0,144,3
786,0,1,2634.21,2.57,194,42.952373,-78.833841,192.1,144,3
787,0,1,2636.52,2.57,195,42.952352,-78.833829,192.1,144,3
788,0,1,2639.29,2.52,195,42.952329,-78.833816,192.1,145,2
789,0,1,2641.57,2.52,195,42.952305,-78.833801,192.1,147,3
790,0,1,2643.93,2.57,195,42.952279,-78.833784,192.1,148,3
791,0,1,2647.33,2.57,195,42.952252,-78.833767,192.2,148,3
792,0,1,2650.11,2.56,196,42.952224,-78.83375,192.2,147,3
793,0,1,2652.77,2.52,196,42.952197,-78.833733,192.2,145,2
794,0,1,2656.47,2.56,196,42.95217,-78.833716,192.2,144,3
795,0,1,2659.23,2.56,196,42.952145,-78.833701,192.2,143,3
796,0,1,2662.01,2.56,197,42.95212,-78.833688,192.2,141,3
797,0,1,2666.3,2.56,197,42.952097,-78.833676,192.2,142,3
798,0,1,2668.62,2.56,197,42.952075,-78.833665,192.2,140,3
799,0,1,2670.8,2.56,197,42.952053,-78.833654,192.2,140,2
800,0,1,2675.51,2.56,198,42.952031,-78.833643,192.2,141,3
801,0,1,2677.64,2.56,198,42.952008,-78.833632,192.2,140,3
802,0,1,2680.09,2.56,198,42.951985,-78.833621,192.2,139,3
803,0,1,2683.04,2.61,198,42.951961,-78.833608,192.1,139,3
804,0,1,2685.79,2.56,198,42.951936,-78.833595,192.1,139,2
805,0,1,2688.49,2.56,199,42.951911,-78.833582,192.1,140,3
806,0,1,2691.1,2.56,199,42.951885,-78.833568,192.1,140,3
807,0,1,2693.93,2.57,199,42.951859,-78.833553,192.1,141,3
808,0,1,2696.54,2.61,199,42.951833,-78.833539,192.1,140,3
809,0,1,2700.56,2.57,200,42.951807,-78.833524,192.0,140,2
810,0,1,2703.32,2.57,200,42.951782,-78.833509,192.0,139,3
811,0,1,2706.22,2.57,200,42.951756,-78.833494,192.0,139,3
812,0,1,2709.79,2.57,200,42.951731,-78.833479,192.0,139,3
813,0,1,2712.55,2.62,201,42.951706,-78.833464,191.9,140,3
814,0,1,2715.03,2.62,201,42.951683,-78.833449,191.9,141,3
815,0,1,2718.78,2.57,201,42.951659,-78.833435,191.9,141,2
816,0,1,2721.29,2.58,201,42.951637,-78.833421,191.9,140,3
817,0,1,2723.81,2.58,201,42.951616,-78.833408,191.8,139,3
818,0,1,2727.35,2.58,202,42.951595,-78.833394,191.8,139,3
819,0,1,2729.56,2.58,202,42.951575,-78.833382,191.8,140,2
820,0,1,2731.8,2.58,202,42.951556,-78.833369,191.8,141,3
821,0,1,2735.55,2.59,202,42.951537,-78.833357,191.8,142,3
822,0,1,2737.57,2.59,202,42.951518,-78.833345,191.8,144,3
823,0,1,2739.45,2.59,203,42.951499,-78.833334,191.8,146,3
824,0,1,2742.56,2.59,203,42.951481,-78.833323,191.8,147,2
825,0,1,2744.57,2.6,203,42.951462,-78.833312,191.8,151,3
826,0,1,2746.71,2.6,203,42.951443,-78.833301,191.8,149,3
827,0,1,2749.22,2.6,203,42.951423,-78.83329,191.8,150,3
828,0,1,2751.44,2.6,204,42.951402,-78.833279,191.9,150,3
829,0,1,2753.69,2.65,204,42.95138,-78.833268,191.9,149,3
830,0,1,2756.51,2.61,204,42.951358,-78.833256,191.9,148,2
831,0,1,2759.03,2.61,204,42.951335,-78.833245,191.9,149,3
832,0,1,2761.44,2.61,204,42.951313,-78.833235,191.9,151,3
833,0,1,2764.44,2.61,205,42.951291,-78.833224,191.9,148,3
834,0,1,2766.67,2.61,205,42.95127,-78.833215,191.9,144,3
835,0,1,2768.31,2.61,205,42.951251,-78.833206,192.0,144,2
836,0,1,2772.24,2.61,205,42.951233,-78.833198,192.0,144,3
837,0,1,2773.89,2.61,205,42.951217,-78.833191,192.0,142,3
838,0,1,2775.37,2.61,205,42.951202,-78.833185,192.0,143,3
839,0,1,2778.29,2.66,206,42.951186,-78.833178,192.0,143,3
840,0,1,2779.55,2.66,206,42.951171,-78.833171,192.0,143,3
841,0,1,2781.12,2.61,206,42.951154,-78.833163,192.0,143,2
842,0,1,2784.17,2.61,206,42.951135,-78.833154,192.1,141,3
843,0,1,2785.98,2.61,206,42.951115,-78.833144,192.1,142,3
844,0,1,2788.02,2.65,206,42.951094,-78.833133,192.1,141,3
845,0,1,2789.99,2.65,206,42.951071,-78.833121,192.2,142,3
846,0,1,2790.77,2.64,206,42.951047,-78.833108,192.2,141,3
847,0,1,2792.92,2.59,207,42.951021,-78.833095,192.2,141,2
848,0,1,2795.17,2.59,207,42.950995,-78.83308,192.3,142,3
849,0,1,2797.49,2.59,207,42.950968,-78.833065,192.3,141,3
850,0,1,2799.99,2.63,207,42.950939,-78.833049,192.4,142,3
851,0,1,2801.58,2.62,207,42.95091,-78.833033,192.5,143,3
852,0,1,2804.31,2.62,208,42.95088,-78.833016,192.5,144,3
853,0,1,2807.15,2.57,208,42.95085,-78.832999,192.6,143,2
854,0,1,2816.39,2.56,208,42.950819,-78.832981,192.7,142,3
855,0,1,2819.56,2.6,209,42.950788,-78.832963,192.7,143,3
856,0,1,2822.73,2.6,209,42.950756,-78.832945,192.8,143,3
857,0,1,2827.8,2.59,209,42.950725,-78.832926,192.8,143,3
858,0,1,2831.34,2.59,209,42.950694,-78.832908,192.9,144,3
859,0,1,2834.41,2.58,210,42.950664,-78.83289,192.9,144,3
860,0,1,2839.11,2.54,210,42.950635,-78.832873,192.9,144,2
861,0,1,2842.07,2.58,210,42.950607,-78.832856,193.0,144,3
862,0,1,2845.12,2.57,210,42.950581,-78.832841,193.0,143,3
863,0,1,2850.43,2.57,211,42.950556,-78.832826,193.0,143,3
864,0,1,2853.43,2.57,211,42.950531,-78.832811,193.1,143,3
865,0,1,2856.33,2.52,211,42.950507,-78.832798,193.1,143,2
866,0,1,2859.27,2.52,212,42.950483,-78.832785,193.1,144,3
867,0,1,2862.41,2.56,212,42.950459,-78.832773,193.1,144,3
868,0,1,2862.41,2.56,212,42.950435,-78.832761,193.1,146,3
869,0,1,2862.41,2.56,212,42.950409,-78.832751,193.1,148,3
870,0,1,2865.42,2.56,212,42.950382,-78.83274,193.1,146,3
871,0,1,2873.73,2.52,213,42.950355,-78.832731,193.1,148,2
872,0,1,2876.7,2.52,213,42.950328,-78.832722,193.0,148,3
873,0,1,2879.83,2.57,213,42.9503,-78.832714,193.0,147,3
874,0,1,2882.93,2.57,213,42.950272,-78.832706,193.0,145,3
875,0,1,2886.13,2.53,214,42.950245,-78.832699,193.0,146,2
876,0,1,2886.13,2.54,214,42.950218,-78.832693,192.9,150,3
877,0,1,2886.13,2.54,214,42.950192,-78.832687,192.9,150,3
878,0,1,2889.06,2.54,214,42.950167,-78.832683,192.9,151,3
879,0,1,2891.82,2.55,214,42.950143,-78.832679,192.8,148,3
880,0,1,2894.58,2.55,214,42.95012,-78.832675,192.8,146,2
881,0,1,2898.77,2.56,215,42.950099,-78.832673,192.8,144,3
882,0,1,2901.29,2.56,215,42.95008,-78.832671,192.7,144,3
883,0,1,2903.6,2.57,215,42.950062,-78.832669,192.7,146,3
884,0,1,2905.83,2.58,215,42.950044,-78.832666,192.7,146,3
885,0,1,2907.91,2.58,215,42.950025,-78.832662,192.7,145,2
886,0,1,2912.55,2.58,216,42.950006,-78.832657,192.6,145,3
887,0,1,2914.91,2.59,216,42.949986,-78.83265,192.7,143,3
888,0,1,2917.45,2.59,216,42.949966,-78.832642,192.7,143,3
889,0,1,2919.94,2.55,216,42.949947,-78.832634,192.7,140,2
890,0,1,2922.49,2.56,216,42.949928,-78.832626,192.8,137,3
891,0,1,2924.98,2.6,217,42.94991,-78.832619,192.8,138,3
892,0,1,2924.98,2.61,217,42.949892,-78.832611,192.8,139,3
893,0,1,2924.98,2.56,217,42.949874,-78.832603,192.9,139,2
894,0,1,2927.24,2.57,217,42.949857,-78.832596,192.9,139,3
895,0,1,2937.06,2.62,217,42.949839,-78.832588,192.9,139,3
896,0,1,2939.25,2.62,218,42.949822,-78.832581,193.0,139,3
897,0,1,2941.42,2.57,218,42.949805,-78.832573,193.0,139,2
898,0,1,2944.74,2.57,218,42.949789,-78.832566,193.1,139,3
899,0,1,2947.11,2.58,218,42.949772,-78.832558,193.1,138,3
900,0,1,2949.33,2.58,218,42.949756,-78.83255,193.1,137,2
901,0,1,2951.6,2.58,219,42.949741,-78.832542,193.2,135,3
902,0,1,2953.72,2.58,219,42.949726,-78.832534,193.2,135,3
903,0,1,2955.83,2.53,219,42.949711,-78.832525,193.3,137,2
904,0,1,2958.05,2.53,219,42.949699,-78.832519,193.3,136,3
905,0,1,2959.28,2.53,219,42.949688,-78.832518,193.3,136,2
906,0,1,2960.25,2.53,219,42.949682,-78.832523,193.3,138,3
907,0,1,2963.09,2.52,219,42.949678,-78.832533,193.3,136,3
908,0,1,2964.15,2.48,220,42.949678,-78.832543,193.2,135,2
909,0,1,2965.35,2.48,220,42.949682,-78.83255,193.2,135,2
910,0,1,2965.48,2.43,220,42.949688,-78.832555,193.2,134,2
911,0,1,2967.57,2.42,220,42.949698,-78.832557,193.2,132,2
912,0,1,2969.09,2.4,220,42.949709,-78.832558,193.2,131,3
913,0,1,2970.57,2.38,220,42.949722,-78.832558,193.1,131,3
914,0,1,2972.31,2.35,220,42.949736,-78.832559,193.1,130,2
915,0,1,2974.23,2.32,220,42.949751,-78.83256,193.1,131,3
916,0,1,2974.23,2.27,220,42.949767,-78.832562,193.1,131,3
917,0,1,2974.23,2.2,220,42.949783,-78.832565,193.1,131,2
918,0,1,2976.22,2.1,220,42.949799,-78.83257,193.0,133,3
919,0,1,2977.46,1.99,221,42.949817,-78.832575,193.0,133,3
920,0,1,2982.53,1.89,221,42.949834,-78.832582,193.0,132,3
921,0,1,2985.57,1.84,221,42.949853,-78.83259,192.9,132,3
922,0,1,2988.46,1.86,221,42.949872,-78.832599,192.9,133,2
923,0,1,2991.54,1.92,222,42.949892,-78.832609,192.8,135,3
924,0,1,2994.57,2.0,222,42.949914,-78.83262,192.8,136,3
925,0,1,2997.44,2.03,222,42.949935,-78.832631,192.7,136,3
926,0,1,3000.21,2.04,222,42.949958,-78.832643,192.7,135,3
927,0,1,3002.91,2.04,222,42.949981,-78.832656,192.6,137,3
928,0,1,3005.71,2.04,223,42.950004,-78.832668,192.6,137,2
929,0,1,3008.99,2.04,223,42.950028,-78.83268,192.6,137,3
930,0,1,3012.31,2.04,223,42.950053,-78.832692,192.6,136,3
931,0,1,3015.43,2.04,223,42.950077,-78.832704,192.6,135,3
932,0,1,3018.35,2.04,224,42.950102,-78.832716,192.7,136,2
933,0,1,3021.39,2.05,224,42.950127,-78.832726,192.7,138,3
934,0,1,3024.42,2.05,224,42.950152,-78.832736,192.7,141,3
935,0,1,3027.22,2.07,224,42.950177,-78.832745,192.7,141,3
936,0,1,3029.97,2.1,225,42.950202,-78.832752,192.7,141,3
937,0,1,3032.57,2.15,225,42.950226,-78.832759,192.8,141,2
938,0,1,3035.01,2.23,225,42.950251,-78.832764,192.8,140,3
939,0,1,3037.42,2.32,225,42.950275,-78.832769,192.8,142,3
940,0,1,3040.03,2.4,225,42.950299,-78.832773,192.8,141,3
941,0,1,3042.85,2.48,226,42.950323,-78.832777,192.9,143,3
942,0,1,3045.54,2.53,226,42.950347,-78.832781,192.9,146,3
943,0,1,3048.06,2.53,226,42.950371,-78.832784,192.9,148,2
944,0,1,3051.04,2.53,226,42.950394,-78.832787,192.9,148,3
945,0,1,3053.91,2.54,227,42.950417,-78.832791,193.0,149,3
946,0,1,3056.1,2.54,227,42.95044,-78.832794,193.0,149,3
947,0,1,3058.34,2.54,227,42.950462,-78.832798,193.0,150,3
948,0,1,3060.65,2.54,227,42.950485,-78.832803,193.0,150,3
949,0,1,3063.09,2.54,227,42.950507,-78.832808,193.0,151,2
950,0,1,3065.41,2.55,227,42.950529,-78.832814,193.0,150,3
951,0,1,3068.08,2.55,228,42.950551,-78.832821,193.0,151,3
952,0,1,3070.55,2.55,228,42.950572,-78.832828,193.0,150,3
953,0,1,3072.67,2.55,228,42.950594,-78.832836,193.0,149,3
954,0,1,3075.12,2.56,228,42.950616,-78.832845,193.0,151,3
955,0,1,3077.76,2.56,228,42.950639,-78.832855,193.0,150,2
956,0,1,3080.49,2.56,229,42.950661,-78.832865,193.0,151,3
957,0,1,3083.36,2.56,229,42.950684,-78.832877,193.0,151,3
958,0,1,3086.32,2.56,229,42.950708,-78.832889,193.0,152,3
959,0,1,3086.32,2.56,229,42.950733,-78.832901,193.0,154,3
960,0,1,3086.32,2.57,229,42.950758,-78.832915,192.9,153,3
961,0,1,3089.23,2.57,229,42.950784,-78.832929,192.9,153,3
962,0,1,3091.25,2.57,230,42.95081,-78.832945,192.8,151,2
963,0,1,3094.42,2.57,230,42.950838,-78.832961,192.8,152,3
964,0,1,3097.76,2.58,230,42.950866,-78.832977,192.7,153,3
965,0,1,3101.47,2.59,230,42.950894,-78.832993,192.6,152,3
966,0,1,3104.63,2.59,231,42.950922,-78.83301,192.6,153,3
967,0,1,3107.82,2.6,231,42.950949,-78.833026,192.5,153,3
968,0,1,3111.8,2.61,231,42.950976,-78.833042,192.4,154,3
969,0,1,3114.72,2.6,231,42.951002,-78.833057,192.4,156,3
970,0,1,3117.91,2.61,232,42.951027,-78.833072,192.3,158,2
971,0,1,3121.61,2.61,232,42.951052,-78.833087,192.3,158,3
972,0,1,3124.45,2.61,232,42.951076,-78.833101,192.2,158,3
973,0,1,3127.14,2.61,232,42.9511,-78.833115,192.2,161,3
974,0,1,3131.22,2.61,233,42.951123,-78.833129,192.2,160,3
975,0,1,3133.69,2.61,233,42.951146,-78.833144,192.1,159,3
976,0,1,3136.13,2.61,233,42.951169,-78.833158,192.1,159,3
977,0,1,3139.39,2.61,233,42.951192,-78.833173,192.0,160,3
978,0,1,3142.19,2.6,233,42.951215,-78.833188,192.0,159,3
979,0,1,3145.08,2.6,234,42.951239,-78.833204,192.0,159,2
980,0,1,3147.24,2.61,234,42.951263,-78.833219,191.9,159,3
981,0,1,3150.27,2.61,234,42.951288,-78.833234,191.9,159,3
982,0,1,3153.2,2.61,234,42.951314,-78.83325,191.9,159,3
983,0,1,3156.53,2.61,235,42.951341,-78.833265,191.8,158,3
984,0,1,3159.62,2.61,235,42.951369,-78.833281,191.8,159,3
985,0,1,3162.86,2.6,235,42.951398,-78.833297,191.8,159,3
986,0,1,3166.17,2.6,235,42.951427,-78.833312,191.8,159,3
987,0,1,3169.63,2.59,236,42.951456,-78.833328,191.8,162,3
988,0,1,3173.1,2.59,236,42.951486,-78.833343,191.8,160,2
989,0,1,3176.56,2.59,236,42.951516,-78.833359,191.8,162,3
990,0,1,3180.06,2.59,236,42.951545,-78.833375,191.8,161,3
991,0,1,3183.82,2.59,237,42.951575,-78.83339,191.8,161,3
992,0,1,3187.65,2.6,237,42.951604,-78.833406,191.8,162,3
993,0,1,3191.37,2.62,237,42.951634,-78.833421,191.9,162,3
994,0,1,3194.95,2.66,237,42.951663,-78.833437,191.9,163,3
995,0,1,3198.38,2.72,238,42.951692,-78.833452,191.9,163,3
996,0,1,3201.6,2.72,238,42.95172,-78.833467,191.9,163,3
997,0,1,3201.6,2.73,238,42.951749,-78.833482,192.0,162,3
998,0,1,3201.6,2.73,238,42.951777,-78.833496,192.0,163,3
999,0,1,3204.86,2.75,238,42.951804,-78.833511,192.0,163,3
1000,0,1,3213.5,2.75,239,42.951832,-78.833525,192.1,167,2
1001,0,1,3216.78,2.76,239,42.951858,-78.833539,192.1,165,3
1002,0,1,3220.11,2.76,239,42.951885,-78.833552,192.1,164,3
1003,0,1,3224.2,2.77,240,42.951911,-78.833565,192.1,163,3
1004,0,1,3227.74,2.78,240,42.951936,-78.833578,192.2,164,3
1005,0,1,3231.2,2.79,240,42.951962,-78.833591,192.2,163,3
1006,0,1,3233.73,2.8,240,42.951987,-78.833603,192.2,163,3
1007,0,1,3236.95,2.81,240,42.952011,-78.833615,192.2,162,3
1008,0,1,3239.95,2.83,241,42.952036,-78.833627,192.2,165,3
1009,0,1,3243.33,2.86,241,42.95206,-78.833639,192.2,164,3
1010,0,1,3245.99,2.86,241,42.952085,-78.833651,192.2,165,3
1011,0,1,3248.7,2.86,241,42.952109,-78.833662,192.2,165,2
1012,0,1,3251.59,2.86,242,42.952133,-78.833674,192.3,166,3
1013,0,1,3254.62,2.86,242,42.952158,-78.833685,192.3,166,3
1014,0,1,3257.61,2.86,242,42.952182,-78.833697,192.3,166,3
1015,0,1,3260.05,2.87,242,42.952207,-78.833709,192.3,165,3
1016,0,1,3263.12,2.87,243,42.952232,-78.833721,192.3,165,3
1017,0,1,3266.1,2.88,243,42.952258,-78.833732,192.3,166,3
1018,0,1,3268.76,2.88,243,42.952283,-78.833744,192.3,168,3
1019,0,1,3272.04,2.86,243,42.952309,-78.833757,192.2,167,2
1020,0,1,3275.38,2.88,243,42.952335,-78.833769,192.2,166,3
1021,0,1,3277.41,2.89,244,42.952361,-78.833781,192.2,168,3
1022,0,1,3280.71,2.9,244,42.952388,-78.833794,192.2,168,3
1023,0,1,3283.95,2.9,244,42.952414,-78.833806,192.2,167,3
1024,0,1,3286.77,2.91,244,42.952441,-78.833819,192.2,167,3
1025,0,1,3289.91,2.91,245,42.952468,-78.833832,192.2,166,3
1026,0,1,3293.23,2.91,245,42.952495,-78.833846,192.1,166,3
1027,0,1,3296.57,2.91,245,42.952522,-78.833859,192.1,166,3
1028,0,1,3300.14,2.87,245,42.952549,-78.833872,192.1,166,2
1029,0,1,3303.8,2.92,246,42.952576,-78.833886,192.1,166,4
1030,0,1,3306.86,2.87,246,42.952603,-78.8339,192.0,164,2
1031,0,1,3310.27,2.88,246,42.952631,-78.833915,192.0,163,3
1032,0,1,3313.45,2.88,246,42.952658,-78.833929,192.0,164,3
1033,0,1,3316.43,2.89,247,42.952685,-78.833944,192.0,160,3
1034,0,1,3319.38,2.89,247,42.952712,-78.83396,191.9,160,3
1035,0,1,3319.38,2.9,247,42.952739,-78.833976,191.9,160,3
1036,0,1,3319.38,2.9,247,42.952766,-78.833993,191.9,160,3
1037,0,1,3322.86,2.91,247,42.952792,-78.834011,191.8,163,3
1038,0,1,3330.28,2.92,248,42.952818,-78.834029,191.8,163,3
1039,0,1,3333.82,2.92,248,42.952844,-78.834047,191.8,163,2
1040,0,1,3337.25,2.93,248,42.95287,-78.834064,191.8,161,4
1041,0,1,3341.15,2.93,248,42.952895,-78.834081,191.7,161,2
1042,0,1,3344.22,2.93,249,42.952919,-78.834096,191.7,160,3
1043,0,1,3347.25,2.93,249,42.952943,-78.834109,191.7,159,3
1044,0,1,3350.58,2.94,249,42.952967,-78.834121,191.7,162,3
1045,0,1,3353.45,2.94,249,42.952991,-78.834132,191.7,164,3
1046,0,1,3356.49,2.94,250,42.953014,-78.834143,191.7,165,3
1047,0,1,3359.01,2.95,250,42.953038,-78.834153,191.7,166,3
1048,0,1,3362.03,2.95,250,42.953062,-78.834164,191.7,166,2
1049,0,1,3365.09,2.93,250,42.953086,-78.834176,191.7,164,3
1050,0,1,3368.04,2.95,251,42.953111,-78.834189,191.7,164,3
1051,0,1,3370.7,2.96,251,42.953136,-78.834203,191.7,164,3
1052,0,1,3373.71,2.96,251,42.953161,-78.834217,191.7,165,3
1053,0,1,3376.79,2.97,251,42.953186,-78.834232,191.8,166,3
1054,0,1,3379.94,2.97,251,42.953212,-78.834247,191.8,166,3
1055,0,1,3383.13,2.97,252,42.953237,-78.834262,191.8,165,3
1056,0,1,3385.47,2.98,252,42.953263,-78.834277,191.8,167,3
1057,0,1,3388.85,2.93,252,42.953288,-78.834292,191.8,166,2
1058,0,1,3392.02,2.93,252,42.953313,-78.834306,191.8,168,3
1059,0,1,3394.73,2.94,253,42.953338,-78.83432,191.8,168,3
1060,0,1,3397.84,2.94,253,42.953363,-78.834334,191.8,167,3
1061,0,1,3400.78,2.94,253,42.953388,-78.834347,191.8,167,3
1062,0,1,3404.08,2.95,253,42.953413,-78.83436,191.7,167,3
1063,0,1,3407.02,2.96,254,42.953438,-78.834373,191.7,167,3
1064,0,1,3409.97,2.95,254,42.953462,-78.834386,191.7,167,2
1065,0,1,3412.91,2.95,254,42.953487,-78.834399,191.7,166,3
1066,0,1,3416.07,2.94,254,42.953512,-78.834411,191.6,166,3
1067,0,1,3419.16,2.94,255,42.953536,-78.834423,191.6,166,3
1068,0,1,3421.68,2.96,255,42.953561,-78.834435,191.6,166,3
1069,0,1,3424.49,2.98,255,42.953585,-78.834447,191.6,165,3
1070,0,1,3427.19,2.98,255,42.95361,-78.834459,191.5,166,3
1071,0,1,3430.6,2.99,255,42.953634,-78.834471,191.5,165,3
1072,0,1,3433.34,2.99,256,42.953659,-78.834483,191.5,166,3
1073,0,1,3436.19,3.0,256,42.953683,-78.834495,191.4,164,2
1074,0,1,3438.65,3.01,256,42.953708,-78.834507,191.4,167,3
1075,0,1,3441.64,3.03,256,42.953732,-78.834519,191.4,166,3
1076,0,1,3444.63,3.05,257,42.953757,-78.834531,191.3,166,3
1077,0,1,3447.36,3.06,257,42.953781,-78.834543,191.3,166,3
1078,0,1,3450.48,3.08,257,42.953806,-78.834556,191.3,167,3
1079,0,1,3453.39,3.1,257,42.953831,-78.834569,191.2,167,3
1080,0,1,3456.47,3.1,257,42.953855,-78.834582,191.2,169,3
1081,0,1,3459.58,3.11,258,42.95388,-78.834596,191.1,170,3
1082,0,1,3462.65,3.11,258,42.953905,-78.83461,191.1,171,2
1083,0,1,3465.53,3.11,258,42.953929,-78.834624,191.1,171,3
1084,0,1,3468.69,3.11,258,42.953954,-78.834639,191.0,171,3
1085,0,1,3471.66,3.11,259,42.953979,-78.834654,191.0,171,3
1086,0,1,3474.53,3.11,259,42.954004,-78.834669,190.9,170,3
1087,0,1,3477.28,3.11,259,42.954028,-78.834685,190.9,169,3
1088,0,1,3477.28,3.11,259,42.954053,-78.8347,190.8,170,3
1089,0,1,3477.28,3.11,259,42.954077,-78.834716,190.8,170,2
1090,0,1,3480.12,3.11,259,42.954102,-78.834732,190.7,171,3
1091,0,1,3487.77,3.11,260,42.954126,-78.834747,190.6,171,3
1092,0,1,3490.8,3.11,260,42.954149,-78.834763,190.6,170,3
1093,0,1,3493.75,3.11,260,42.954173,-78.834778,190.5,171,3
1094,0,1,3497.65,3.1,261,42.954196,-78.834793,190.5,172,2
1095,0,1,3500.51,3.1,261,42.954219,-78.834808,190.5,172,3
1096,0,1,3503.33,3.1,261,42.954241,-78.834822,190.5,172,3
1097,0,1,3506.71,3.1,261,42.954264,-78.834836,190.6,171,3
1098,0,1,3509.29,3.1,262,42.954286,-78.83485,190.6,170,3
1099,0,1,3511.95,3.1,262,42.954308,-78.834865,190.6,169,3
1100,0,1,3514.99,3.1,262,42.954331,-78.83488,190.6,169,3
1101,0,1,3517.84,3.1,262,42.954355,-78.834895,190.6,169,2
1102,0,1,3520.66,3.1,262,42.954379,-78.834911,190.6,170,3
1103,0,1,3523.4,3.1,263,42.954404,-78.834928,190.7,169,3
1104,0,1,3526.41,3.09,263,42.95443,-78.834946,190.7,167,3
1105,0,1,3529.63,3.09,263,42.954457,-78.834964,190.7,167,3
1106,0,1,3532.46,3.09,263,42.954484,-78.834982,190.8,168,3
1107,0,1,3535.72,3.09,264,42.95451,-78.834999,190.8,168,3
1108,0,1,3538.84,3.09,264,42.954536,-78.835015,190.9,169,2
1109,0,1,3542.14,3.09,264,42.954561,-78.835029,191.0,167,3
1110,0,1,3545.12,3.09,264,42.954585,-78.835042,191.0,168,3
1111,0,1,3547.73,3.09,265,42.954608,-78.835053,191.1,169,3
1112,0,1,3551.47,3.09,265,42.95463,-78.835064,191.1,169,3
1113,0,1,3554.3,3.09,265,42.954651,-78.835074,191.2,168,2
1114,0,1,3556.97,3.09,265,42.954671,-78.835084,191.3,168,3
1115,0,1,3559.91,3.09,265,42.95469,-78.835094,191.3,169,3
1116,0,1,3562.36,3.09,266,42.954709,-78.835105,191.3,168,3
1117,0,1,3564.68,3.08,266,42.954728,-78.835116,191.4,167,2
1118,0,1,3566.94,3.08,266,42.954747,-78.835127,191.4,167,3
1119,0,1,3569.44,3.08,266,42.954767,-78.835138,191.5,167,2
1120,0,1,3571.79,3.07,266,42.954787,-78.835149,191.5,167,4
1121,0,1,3573.1,3.07,267,42.954806,-78.835159,191.6,168,2
1122,0,1,3575.82,3.06,267,42.954826,-78.835169,191.6,170,3
1123,0,1,3578.4,3.04,267,42.954844,-78.835178,191.7,171,3
1124,0,1,3580.27,3.02,267,42.954862,-78.835186,191.7,172,3
1125,0,1,3582.52,2.97,267,42.95488,-78.835195,191.7,171,3
1126,0,1,3584.58,2.87,267,42.954899,-78.835203,191.8,172,2
1127,0,1,3587.76,2.87,268,42.954918,-78.835212,191.8,171,3
1128,0,1,3589.95,2.87,268,42.954937,-78.835221,191.9,171,3
1129,0,1,3592.11,2.87,268,42.954958,-78.83523,191.9,172,3
1130,0,1,3593.82,2.87,268,42.954979,-78.835241,192.0,171,3
1131,0,1,3596.79,2.86,268,42.955002,-78.835252,192.0,168,2
1132,0,1,3599.67,2.85,269,42.955026,-78.835265,191.9,167,3
1133,0,1,3602.49,2.86,269,42.95505,-78.835278,191.9,167,3
1134,0,1,3605.39,2.86,269,42.955075,-78.835291,191.9,167,3
1135,0,1,3605.39,2.86,269,42.9551,-78.835305,191.8,165,3
1136,0,1,3605.39,2.83,269,42.955125,-78.83532,191.8,166,2
1137,0,1,3608.57,2.83,269,42.95515,-78.835335,191.7,167,3
1138,0,1,3611.85,2.84,270,42.955174,-78.83535,191.7,166,3
1139,0,1,3615.01,2.81,270,42.955198,-78.835365,191.6,165,3
1140,0,1,3615.16,2.81,270,42.955223,-78.835379,191.6,164,3
1141,0,1,3618.12,2.79,270,42.955247,-78.835393,191.5,163,3
1142,0,1,3621.13,2.79,270,42.955271,-78.835405,191.5,164,2
1143,0,1,3629.51,2.79,271,42.955294,-78.835417,191.5,163,3
1144,0,1,3632.25,2.8,271,42.955318,-78.835427,191.4,163,3
1145,0,1,3634.89,2.8,271,42.955342,-78.835436,191.4,165,3
1146,0,1,3639.02,2.78,272,42.955365,-78.835445,191.4,163,3
1147,0,1,3641.6,2.78,272,42.955388,-78.835453,191.3,163,2
1148,0,1,3644.34,2.78,272,42.955411,-78.835461,191.3,163,3
1149,0,1,3646.93,2.78,272,42.955432,-78.835469,191.3,161,3
1150,0,1,3649.83,2.79,272,42.955453,-78.835479,191.2,162,3
1151,0,1,3652.49,2.77,273,42.955474,-78.835488,191.2,161,3
1152,0,1,3654.85,2.77,273,42.955493,-78.835499,191.2,161,2
1153,0,1,3657.42,2.77,273,42.955512,-78.83551,191.1,162,3
1154,0,1,3660.03,2.77,273,42.955531,-78.835521,191.1,161,3
1155,0,1,3662.34,2.78,273,42.955549,-78.835533,191.1,161,3
1156,0,1,3664.48,2.78,274,42.955567,-78.835545,191.1,160,2
1157,0,1,3666.44,2.78,274,42.955584,-78.835557,191.1,161,3
1158,0,1,3668.92,2.79,274,42.955602,-78.835569,191.0,160,3
1159,0,1,3671.13,2.79,274,42.955619,-78.835581,191.0,161,3
1160,0,1,3673.42,2.79,274,42.955637,-78.835593,191.0,160,3
1161,0,1,3675.26,2.77,275,42.955654,-78.835605,191.0,160,2
1162,0,1,3677.44,2.77,275,42.955672,-78.835617,191.0,161,3
1163,0,1,3679.62,2.77,275,42.95569,-78.835628,191.0,162,3
1164,0,1,3681.62,2.77,275,42.955708,-78.83564,191.0,161,3
1165,0,1,3683.89,2.76,275,42.955727,-78.835651,190.9,161,2
1166,0,1,3686.17,2.75,275,42.955746,-78.835662,190.9,160,3
1167,0,1,3687.73,2.76,275,42.955765,-78.835673,190.9,160,3
1168,0,1,3690.17,2.76,276,42.955785,-78.835684,190.9,162,3
1169,0,1,3692.61,2.74,276,42.955804,-78.835695,190.9,163,2
1170,0,1,3694.97,2.73,276,42.955824,-78.835707,190.9,163,3
1171,0,1,3697.29,2.71,276,42.955844,-78.835719,190.9,163,3
1172,0,1,3699.47,2.71,276,42.955865,-78.835731,190.8,163,2
1173,0,1,3702.67,2.7,277,42.955885,-78.835743,190.8,163,3
1174,0,1,3705.05,2.69,277,42.955906,-78.835757,190.8,164,3
1175,0,1,3707.52,2.68,277,42.955927,-78.835771,190.8,164,3
1176,0,1,3710.24,2.71,277,42.955949,-78.835785,190.8,162,3
1177,0,1,3712.82,2.72,278,42.95597,-78.8358,190.8,163,3
1178,0,1,3715.32,2.7,278,42.955992,-78.835816,190.8,160,2
1179,0,1,3717.89,2.7,278,42.956014,-78.835831,190.8,159,3
1180,0,1,3720.79,2.69,278,42.956037,-78.835847,190.7,160,3
1181,0,1,3723.66,2.69,278,42.956061,-78.835862,190.7,160,3
1182,0,1,3726.28,2.68,279,42.956085,-78.835877,190.6,160,2
1183,0,1,3728.95,2.67,279,42.95611,-78.835891,190.5,160,3
1184,0,1,3731.49,2.67,279,42.956136,-78.835905,190.5,161,3
1185,0,1,3734.15,2.67,279,42.956162,-78.835919,190.4,161,3
1186,0,1,3737.06,2.67,280,42.956188,-78.835932,190.3,161,3
1187,0,1,3737.06,2.66,280,42.956214,-78.835945,190.3,160,2
1188,0,1,3737.06,2.65,280,42.95624,-78.835958,190.2,160,3
1189,0,1,3740.29,2.64,280,42.956265,-78.83597,190.2,160,2
1190,0,1,3743.32,2.63,280,42.956289,-78.835983,190.1,159,3
1191,0,1,3746.15,2.62,280,42.956313,-78.835996,190.0,159,3
1192,0,1,3750.64,2.62,281,42.956336,-78.836008,190.0,161,2
1193,0,1,3753.19,2.61,281,42.956359,-78.836021,189.9,159,3
1194,0,1,3755.72,2.61,281,42.956381,-78.836033,189.9,159,3
1195,0,1,3758.67,2.61,281,42.956402,-78.836046,189.8,159,3
1196,0,1,3764.12,2.61,282,42.956424,-78.836058,189.8,160,3
1197,0,1,3766.82,2.58,282,42.956445,-78.83607,189.7,160,2
1198,0,1,3769.57,2.61,282,42.956466,-78.836083,189.6,157,3
1199,0,1,3773.75,2.61,282,42.956487,-78.836095,189.6,156,3
1200,0,1,3776.62,2.61,283,42.956508,-78.836107,189.5,156,3
1201,0,1,3779.34,2.62,283,42.956528,-78.836119,189.5,156,3
1202,0,1,3782.01,2.62,283,42.95655,-78.83613,189.4,155,2
1203,0,1,3784.89,2.62,283,42.956571,-78.836142,189.4,157,3
1204,0,1,3787.55,2.62,283,42.956592,-78.836154,189.3,157,3
1205,0,1,3790.26,2.62,284,42.956614,-78.836165,189.3,161,3
1206,0,1,3793.08,2.62,284,42.956636,-78.836177,189.2,162,3
1207,0,1,3795.86,2.67,284,42.956658,-78.836188,189.2,161,3
1208,0,1,3798.37,2.62,284,42.956681,-78.8362,189.1,164,2
1209,0,1,3800.84,2.67,285,42.956704,-78.836212,189.1,164,3
1210,0,1,3803.4,2.67,285,42.956727,-78.836224,189.1,162,3
1211,0,1,3806.33,2.68,285,42.95675,-78.836237,189.1,162,3
1212,0,1,3809.04,2.72,285,42.956773,-78.83625,189.1,162,3
1213,0,1,3812.03,2.68,285,42.956797,-78.836263,189.1,162,2
1214,0,1,3815.06,2.68,286,42.956821,-78.836277,189.1,162,3
1215,0,1,3818.04,2.68,286,42.956845,-78.836291,189.1,162,3
1216,0,1,3818.04,2.68,286,42.956869,-78.836306,189.1,162,3
1217,0,1,3818.04,2.73,286,42.956894,-78.836322,189.1,159,3
1218,0,1,3821.08,2.73,286,42.956919,-78.836337,189.2,157,3
1219,0,1,3824.18,2.68,286,42.956943,-78.836351,189.2,158,2
1220,0,1,3827.13,2.68,287,42.956968,-78.836366,189.2,159,3
1221,0,1,3828.01,2.68,287,42.956993,-78.836379,189.2,157,3
1222,0,1,3830.94,2.73,287,42.957018,-78.83639,189.2,156,3
1223,0,1,3833.88,2.73,287,42.957042,-78.8364,189.3,156,3
1224,0,1,3836.93,2.73,287,42.957067,-78.836409,189.3,158,3
1225,0,1,3839.81,2.73,288,42.957091,-78.836417,189.3,153,3
1226,0,1,3843.36,2.69,288,42.957115,-78.836425,189.3,151,2
1227,0,1,3845.94,2.69,288,42.957139,-78.836432,189.4,151,3
1228,0,1,3848.36,2.74,288,42.957162,-78.836441,189.4,152,3
1229,0,1,3856.79,2.74,289,42.957185,-78.83645,189.4,153,3
1230,0,1,3859.21,2.74,289,42.957208,-78.836459,189.5,153,3
1231,0,1,3861.71,2.74,289,42.95723,-78.83647,189.5,152,3
1232,0,1,3864.32,2.75,289,42.957253,-78.836482,189.5,151,3
1233,0,1,3866.89,2.75,290,42.957276,-78.836494,189.6,149,2
1234,0,1,3866.89,2.75,290,42.957299,-78.836507,189.6,149,3
1235,0,1,3866.89,2.75,290,42.957322,-78.836521,189.6,152,3
1236,0,1,3869.61,2.75,290,42.957346,-78.836535,189.7,153,3
1237,0,1,3872.26,2.76,290,42.95737,-78.83655,189.7,154,3
1238,0,1,3875.03,2.71,290,42.957394,-78.836565,189.8,155,2
1239,0,1,3878.68,2.76,291,42.957419,-78.836581,189.8,157,3
1240,0,1,3881.23,2.76,291,42.957443,-78.836596,189.9,156,3
1241,0,1,3883.82,2.76,291,42.957468,-78.836611,189.9,154,3
1242,0,1,3886.55,2.76,291,42.957492,-78.836626,190.0,154,3
1243,0,1,3889.21,2.72,291,42.957517,-78.83664,190.0,154,2
1244,0,1,3894.07,2.72,292,42.957541,-78.836654,189.9,153,3
1245,0,1,3896.44,2.72,292,42.957565,-78.836667,189.8,153,3
1246,0,1,3899.06,2.77,292,42.957589,-78.836679,189.8,154,3
1247,0,1,3901.75,2.77,292,42.957613,-78.836691,189.7,154,3
1248,0,1,3904.48,2.72,293,42.957636,-78.836703,189.7,154,2
1249,0,1,3908.64,2.72,293,42.95766,-78.836714,189.6,155,3
1250,0,1,3911.55,2.72,293,42.957683,-78.836725,189.5,154,3
1251,0,1,3914.57,2.72,293,42.957706,-78.836735,189.5,152,3
1252,0,1,3922.21,2.72,294,42.957729,-78.836745,189.4,153,3
1253,0,1,3925.0,2.77,294,42.957752,-78.836755,189.4,153,3
1254,0,1,3927.68,2.72,294,42.957775,-78.836765,189.3,153,2
1255,0,1,3932.14,2.72,295,42.957797,-78.836774,189.3,152,3
1256,0,1,3934.7,2.72,295,42.95782,-78.836783,189.3,152,3
1257,0,1,3937.34,2.72,295,42.957842,-78.836791,189.2,152,3
1258,0,1,3940.04,2.77,295,42.957865,-78.8368,189.2,151,3
1259,0,1,3942.74,2.72,296,42.957886,-78.836808,189.1,148,2
1260,0,1,3945.25,2.72,296,42.957908,-78.836816,189.1,148,3
1261,0,1,3947.84,2.73,296,42.95793,-78.836824,189.1,146,3
1262,0,1,3950.51,2.73,296,42.957951,-78.836833,189.0,146,3
1263,0,1,3953.11,2.73,296,42.957971,-78.836841,189.0,148,2
1264,0,1,3955.23,2.73,297,42.957991,-78.836849,189.0,148,3
1265,0,1,3957.83,2.73,297,42.958011,-78.836857,189.0,146,3
1266,0,1,3960.25,2.73,297,42.958031,-78.836865,188.9,144,3
1267,0,1,3962.93,2.73,297,42.958049,-78.836874,188.9,145,3
1268,0,1,3965.42,2.73,297,42.958068,-78.836883,188.9,145,2
1269,0,1,3967.86,2.73,298,42.958085,-78.836891,188.9,145,3
1270,0,1,3970.3,2.73,298,42.958102,-78.8369,188.9,144,3
1271,0,1,3972.63,2.68,298,42.958119,-78.836909,188.9,144,2
1272,0,1,3975.0,2.68,298,42.958136,-78.836917,188.9,144,3
1273,0,1,3977.24,2.68,298,42.958153,-78.836925,188.9,145,3
1274,0,1,3979.61,2.72,299,42.95817,-78.836932,188.8,145,3
1275,0,1,3981.94,2.67,299,42.958188,-78.836938,188.8,144,2
1276,0,1,3984.02,2.67,299,42.958205,-78.836943,188.8,145,3
1277,0,1,3986.33,2.67,299,42.958223,-78.836948,188.8,147,3
1278,0,1,3988.56,2.62,299,42.958239,-78.836953,188.8,146,2
1279,0,1,3990.19,2.67,299,42.958254,-78.836958,188.8,146,3
1280,0,1,3991.72,2.66,300,42.958265,-78.836963,188.8,148,2
1281,0,1,3992.45,2.65,300,42.958269,-78.836965,188.8,147,3
1282,0,1,3995.31,2.64,300,42.958267,-78.836965,188.8,147,2
1283,0,1,3996.53,2.64,300,42.958258,-78.836962,188.8,150,3
1284,0,1,3996.77,2.63,300,42.958246,-78.836958,188.8,150,2
1285,0,1,3999.97,2.6,300,42.958231,-78.836954,188.8,149,3
1286,0,1,4002.39,2.57,300,42.958217,-78.836952,188.8,147,3
1287,0,1,4004.29,2.51,301,42.958201,-78.83695,188.8,146,2
1288,0,1,4006.05,2.52,301,42.958185,-78.836947,188.8,145,3
1289,0,1,4007.87,2.52,301,42.958168,-78.836941,188.9,146,3
1290,0,1,4009.88,2.51,301,42.958149,-78.836934,188.9,145,2
1291,0,1,4012.29,2.52,301,42.95813,-78.836925,188.9,146,3
1292,0,1,4014.54,2.52,301,42.958109,-78.836914,188.9,148,3
1293,0,1,4016.77,2.51,302,42.958088,-78.836903,188.9,148,2
1294,0,1,4019.13,2.5,302,42.958067,-78.836891,188.9,149,3
1295,0,1,4021.69,2.5,302,42.958046,-78.836879,188.9,149,3
1296,0,1,4024.49,2.51,302,42.958024,-78.836868,189.0,148,3
1297,0,1,4027.24,2.51,302,42.958002,-78.836856,189.0,148,3
1298,0,1,4029.96,2.51,303,42.95798,-78.836845,189.0,147,2
1299,0,1,4032.69,2.5,303,42.957958,-78.836834,189.0,146,3
1300,0,1,4035.37,2.53,303,42.957936,-78.836823,189.1,144,3
1301,0,1,4038.08,2.54,303,42.957913,-78.836813,189.1,145,3
1302,0,1,4040.71,2.57,303,42.957891,-78.836802,189.1,147,3
1303,0,1,4043.33,2.54,304,42.957868,-78.836791,189.2,148,2
1304,0,1,4045.95,2.57,304,42.957845,-78.83678,189.2,148,3
1305,0,1,4048.7,2.57,304,42.957821,-78.836769,189.2,148,3
1306,0,1,4051.51,2.57,304,42.957798,-78.836757,189.3,146,3
1307,0,1,4054.32,2.61,305,42.957774,-78.836746,189.3,145,3
1308,0,1,4057.26,2.61,305,42.95775,-78.836734,189.4,146,3
1309,0,1,4060.31,2.61,305,42.957725,-78.836721,189.4,146,3
1310,0,1,4063.32,2.61,305,42.9577,-78.836708,189.5,146,2
1311,0,1,4066.36,2.61,305,42.957675,-78.836695,189.6,146,3
1312,0,1,4069.38,2.61,306,42.957649,-78.836682,189.6,146,3
1313,0,1,4072.35,2.65,306,42.957624,-78.836668,189.7,145,3
1314,0,1,4075.32,2.65,306,42.957598,-78.836654,189.8,145,3
1315,0,1,4078.18,2.65,306,42.957573,-78.83664,189.8,143,3
1316,0,1,4080.88,2.61,307,42.957547,-78.836626,189.9,143,2
1317,0,1,4084.12,2.61,307,42.957522,-78.836612,189.9,144,3
1318,0,1,4087.58,2.65,307,42.957497,-78.836598,190.0,142,3
1319,0,1,4087.58,2.66,307,42.957472,-78.836583,189.9,140,3
1320,0,1,4087.58,2.61,307,42.957447,-78.836569,189.9,143,2
1321,0,1,4090.7,2.61,307,42.957423,-78.836555,189.8,141,3
1322,0,1,4093.29,2.62,308,42.957399,-78.836541,189.8,143,3
1323,0,1,4096.24,2.62,308,42.957376,-78.836528,189.8,144,2
1324,0,1,4099.2,2.62,308,42.957352,-78.836514,189.7,141,3
1325,0,1,4101.81,2.62,308,42.957329,-78.836501,189.7,142,3
1326,0,1,4104.78,2.63,309,42.957306,-78.836487,189.6,143,3
1327,0,1,4107.87,2.63,309,42.957283,-78.836474,189.6,144,3
1328,0,1,4109.87,2.63,309,42.95726,-78.836461,189.6,145,3
1329,0,1,4112.94,2.64,309,42.957236,-78.836447,189.5,144,3
1330,0,1,4116.08,2.65,309,42.957211,-78.836433,189.5,143,3
1331,0,1,4118.22,2.65,310,42.957186,-78.83642,189.5,141,3
1332,0,1,4121.42,2.66,310,42.957161,-78.836406,189.4,141,3
1333,0,1,4124.67,2.67,310,42.957135,-78.836392,189.4,143,3
1334,0,1,4127.44,2.69,310,42.95711,-78.836378,189.4,143,3
1335,0,1,4130.37,2.71,310,42.957085,-78.836365,189.4,143,2
1336,0,1,4133.18,2.74,311,42.95706,-78.836351,189.3,141,3
1337,0,1,4136.04,2.77,311,42.957036,-78.836338,189.3,141,3
1338,0,1,4138.72,2.8,311,42.957013,-78.836325,189.3,141,3
1339,0,1,4138.72,2.82,311,42.956989,-78.836312,189.3,142,3
1340,0,1,4138.72,2.84,311,42.956967,-78.8363,189.3,143,3
1341,0,1,4141.43,2.85,311,42.956944,-78.836287,189.3,143,3
1342,0,1,4144.44,2.85,312,42.956922,-78.836275,189.3,142,3
1343,0,1,4147.42,2.86,312,42.9569,-78.836263,189.3,142,3
1344,0,1,4150.61,2.86,312,42.956879,-78.836251,189.3,142,2
1345,0,1,4153.28,2.86,312,42.956857,-78.836238,189.3,141,3
1346,0,1,4155.76,2.86,313,42.956835,-78.836225,189.2,140,3
1347,0,1,4158.26,2.86,313,42.956813,-78.836212,189.3,141,3
1348,0,1,4160.81,2.86,313,42.95679,-78.836198,189.3,141,3
1349,0,1,4164.24,2.86,313,42.956766,-78.836183,189.3,143,3
1350,0,1,4166.97,2.86,313,42.956741,-78.836167,189.3,143,3
1351,0,1,4169.85,2.86,314,42.956715,-78.83615,189.3,141,3
1352,0,1,4172.85,2.86,314,42.956688,-78.836132,189.3,143,3
1353,0,1,4176.01,2.86,314,42.95666,-78.836113,189.3,142,3
1354,0,1,4179.33,2.86,314,42.956632,-78.836094,189.4,143,3
1355,0,1,4179.33,2.86,314,42.956603,-78.836075,189.5,143,3
1356,0,1,4179.33,2.86,314,42.956574,-78.836055,189.6,143,2
1357,0,1,4182.62,2.86,315,42.956545,-78.836036,189.7,141,3
1358,0,1,4185.63,2.86,315,42.956515,-78.836016,189.7,142,3
1359,0,1,4188.53,2.86,315,42.956485,-78.835997,189.8,144,3
1360,0,1,4198.24,2.86,316,42.956455,-78.835978,189.9,146,3
1361,0,1,4201.59,2.86,316,42.956426,-78.83596,190.0,145,3
1362,0,1,4204.92,2.86,316,42.956396,-78.835943,190.1,144,3
1363,0,1,4214.94,2.86,317,42.956367,-78.835926,190.1,145,3
1364,0,1,4218.32,2.86,317,42.956339,-78.83591,190.2,145,3
1365,0,1,4221.74,2.86,317,42.95631,-78.835895,190.3,147,2
1366,0,1,4226.87,2.86,318,42.956282,-78.835881,190.3,150,3
1367,0,1,4230.25,2.87,318,42.956255,-78.835867,190.4,151,3
1368,0,1,4233.52,2.87,318,42.956228,-78.835854,190.5,151,3
1369,0,1,4236.77,2.87,318,42.956201,-78.835841,190.5,149,3
1370,0,1,4238.16,2.87,318,42.956174,-78.835829,190.6,148,3
1371,0,1,4241.12,2.87,319,42.956148,-78.835817,190.6,148,3
1372,0,1,4244.33,2.87,319,42.956123,-78.835805,190.6,147,3
1373,0,1,4247.47,2.87,319,42.956098,-78.835793,190.6,149,3
1374,0,1,4250.44,2.88,319,42.956073,-78.835782,190.7,146,3
1375,0,1,4250.92,2.88,319,42.956048,-78.83577,190.7,147,2
1376,0,1,4253.81,2.88,320,42.956025,-78.835759,190.7,149,3
1377,0,1,4256.64,2.88,320,42.956001,-78.835747,190.7,149,3
1378,0,1,4263.49,2.88,320,42.955978,-78.835736,190.7,152,3
1379,0,1,4266.54,2.88,321,42.955955,-78.835724,190.7,156,3
1380,0,1,4269.52,2.88,321,42.955932,-78.835711,190.7,158,3
1381,0,1,4272.42,2.87,321,42.955909,-78.835699,190.7,157,3
1382,0,1,4275.24,2.87,321,42.955886,-78.835686,190.8,159,2
1383,0,1,4278.2,2.87,322,42.955863,-78.835672,190.8,163,3
1384,0,1,4281.03,2.87,322,42.95584,-78.835658,190.8,161,3
1385,0,1,4283.86,2.87,322,42.955817,-78.835643,190.8,160,3
1386,0,1,4286.71,2.87,322,42.955794,-78.835627,190.8,159,3
1387,0,1,4289.51,2.87,322,42.95577,-78.83561,190.8,160,3
1388,0,1,4292.25,2.86,323,42.955746,-78.835593,190.8,159,3
1389,0,1,4295.17,2.86,323,42.955722,-78.835574,190.9,161,3
1390,0,1,4298.28,2.86,323,42.955697,-78.835555,190.9,163,3
1391,0,1,4301.2,2.86,323,42.955673,-78.835536,190.9,161,2
1392,0,1,4304.32,2.86,324,42.955647,-78.835516,190.9,163,3
1393,0,1,4307.48,2.86,324,42.955622,-78.835496,191.0,162,3
1394,0,1,4310.52,2.86,324,42.955597,-78.835476,191.0,161,3
1395,0,1,4313.61,2.86,324,42.955572,-78.835458,191.0,162,3
1396,0,1,4317.09,2.86,325,42.955547,-78.83544,191.0,162,3
1397,0,1,4320.19,2.86,325,42.955523,-78.835423,191.1,161,3
1398,0,1,4323.11,2.86,325,42.955498,-78.835407,191.1,158,3
1399,0,1,4326.39,2.86,325,42.955473,-78.835392,191.1,158,3
1400,0,1,4329.39,2.86,325,42.955449,-78.835378,191.2,159,3
1401,0,1,4332.34,2.86,326,42.955424,-78.835366,191.2,159,3
1402,0,1,4335.35,2.86,326,42.955399,-78.835355,191.2,159,3
1403,0,1,4338.34,2.86,326,42.955374,-78.835345,191.3,159,3
1404,0,1,4341.27,2.87,326,42.955349,-78.835337,191.3,159,2
1405,0,1,4344.41,2.87,327,42.955325,-78.835329,191.4,159,3
1406,0,1,4347.31,2.87,327,42.955301,-78.835321,191.4,159,3
1407,0,1,4349.77,2.87,327,42.955277,-78.835314,191.5,162,3
1408,0,1,4353.08,2.87,327,42.955255,-78.835307,191.5,162,3
1409,0,1,4355.89,2.87,328,42.955234,-78.835299,191.5,162,3
1410,0,1,4358.54,2.87,328,42.955214,-78.83529,191.6,163,3
1411,0,1,4361.04,2.87,328,42.955194,-78.835281,191.6,164,3
1412,0,1,4363.34,2.87,328,42.955175,-78.83527,191.6,162,3
1413,0,1,4363.34,2.87,328,42.955156,-78.835259,191.7,161,3
1414,0,1,4363.34,2.87,328,42.955135,-78.835248,191.7,160,3
1415,0,1,4366.0,2.87,328,42.955112,-78.835235,191.8,159,2
1416,0,1,4368.67,2.87,329,42.955087,-78.835221,191.8,160,3
1417,0,1,4371.24,2.88,329,42.95506,-78.835207,191.9,160,3
1418,0,1,4374.17,2.88,329,42.955031,-78.835193,191.9,161,3
1419,0,1,4374.17,2.88,329,42.955001,-78.835179,192.0,160,3
1420,0,1,4374.17,2.88,329,42.954969,-78.835165,191.9,156,3
1421,0,1,4377.55,2.89,329,42.954938,-78.835151,191.9,155,3
1422,0,1,4380.94,2.89,330,42.954906,-78.835136,191.8,154,3
1423,0,1,4384.17,2.89,330,42.954876,-78.835119,191.7,155,3
1424,0,1,4387.36,2.89,330,42.954847,-78.835101,191.7,154,3
1425,0,1,4391.96,2.89,330,42.954818,-78.835082,191.6,155,3
1426,0,1,4394.99,2.89,331,42.954791,-78.835063,191.5,159,2
1427,0,1,4398.02,2.89,331,42.954764,-78.835045,191.4,161,3
1428,0,1,4401.01,2.89,331,42.954738,-78.835027,191.4,162,3
1429,0,1,4404.09,2.89,331,42.954713,-78.835011,191.3,164,3
1430,0,1,4412.12,2.89,332,42.954688,-78.834996,191.3,165,3
1431,0,1,4415.34,2.88,332,42.954664,-78.834983,191.2,165,3
1432,0,1,4418.36,2.88,332,42.95464,-78.834971,191.1,167,3
1433,0,1,4421.21,2.88,333,42.954616,-78.834959,191.1,168,3
1434,0,1,4423.95,2.88,333,42.954593,-78.834949,191.1,167,3
1435,0,1,4429.77,2.91,333,42.95457,-78.83494,191.0,167,3
1436,0,1,4432.45,2.89,333,42.954546,-78.834932,191.0,169,2
1437,0,1,4435.11,2.88,334,42.954524,-78.834924,190.9,170,3
1438,0,1,4443.83,2.88,334,42.954502,-78.834915,190.9,172,3
1439,0,1,4446.59,2.88,334,42.954481,-78.834906,190.9,172,3
1440,0,1,4449.15,2.88,335,42.954463,-78.834895,190.8,173,3
1441,0,1,4452.89,2.84,335,42.954447,-78.834882,190.8,172,2
1442,0,1,4454.83,2.83,335,42.954434,-78.834866,190.8,172,3
1443,0,1,4456.56,2.83,335,42.954423,-78.834848,190.8,173,3
1444,0,1,4459.17,2.83,335,42.954415,-78.834827,190.8,172,3
1445,0,1,4461.38,2.83,336,42.95441,-78.834803,190.8,172,3
1446,0,1,4463.66,2.88,336,42.954407,-78.834777,190.9,171,3
1447,0,1,4463.66,2.83,336,42.954406,-78.834747,190.9,172,2
1448,0,1,4463.66,2.83,336,42.954408,-78.834715,191.0,173,3
1449,0,1,4466.89,2.83,336,42.954412,-78.83468,191.0,174,3
1450,0,1,4470.16,2.83,336,42.954417,-78.834643,191.1,175,3
1451,0,1,4478.35,2.83,337,42.954422,-78.834604,191.1,176,3
1452,0,1,4482.79,2.83,337,42.954426,-78.834564,191.2,178,3
1453,0,1,4486.24,2.82,337,42.954429,-78.834523,191.2,179,3
1454,0,1,4489.25,2.82,338,42.954429,-78.834483,191.3,177,3
1455,0,1,4492.2,2.82,338,42.954425,-78.834443,191.3,178,3
1456,0,1,4495.32,2.82,338,42.954417,-78.834405,191.4,178,2
1457,0,1,4498.88,2.82,338,42.954406,-78.834368,191.4,177,3
1458,0,1,4502.29,2.82,339,42.954392,-78.834332,191.5,178,3
1459,0,1,4505.72,2.82,339,42.954378,-78.834297,191.6,179,3
1460,0,1,4509.25,2.82,339,42.954363,-78.834264,191.6,179,3
1461,0,1,4512.89,2.87,339,42.95435,-78.834232,191.7,181,3
1462,0,1,4516.15,2.87,340,42.95434,-78.834201,191.7,181,1
1463,0,1,4518.87,2.86,340,42.954333,-78.834171,191.8,180,3
1464,0,1,4521.0,2.86,340,42.954329,-78.834143,191.8,181,3
1465,0,1,4522.89,2.86,340,42.954328,-78.834115,191.8,181,3
1466,0,1,4524.96,2.86,340,42.954328,-78.834087,191.9,180,2
1467,0,1,4527.27,2.85,340,42.954329,-78.834059,191.9,179,3
1468,0,1,4529.82,2.85,341,42.95433,-78.834031,191.9,179,3
1469,0,1,4532.34,2.85,341,42.95433,-78.834002,191.9,181,3
1470,0,1,4532.34,2.85,341,42.95433,-78.833972,191.9,179,2
1471,0,1,4532.34,2.84,341,42.95433,-78.833942,192.0,179,3
1472,0,1,4534.8,2.84,341,42.954328,-78.833912,192.0,179,3
1473,0,1,4536.68,2.84,341,42.954327,-78.833881,192.0,178,3
1474,0,1,4539.61,2.84,342,42.954325,-78.83385,192.0,178,2
1475,0,1,4542.32,2.84,342,42.954323,-78.833819,192.1,178,3
1476,0,1,4544.1,2.84,342,42.95432,-78.833788,192.1,177,3
1477,0,1,4546.88,2.84,342,42.954318,-78.833757,192.1,179,3
1478,0,1,4549.62,2.83,342,42.954315,-78.833726,192.2,179,3
1479,0,1,4552.08,2.82,343,42.954312,-78.833695,192.2,178,3
1480,0,1,4554.6,2.81,343,42.95431,-78.833665,192.2,178,2
1481,0,1,4557.06,2.78,343,42.954307,-78.833635,192.3,176,3
1482,0,1,4559.58,2.78,343,42.954305,-78.833605,192.3,175,3
1483,0,1,4561.98,2.78,343,42.954303,-78.833576,192.3,175,3
1484,0,1,4564.36,2.77,344,42.954301,-78.833547,192.3,175,2
1485,0,1,4566.7,2.77,344,42.9543,-78.833518,192.4,174,3
1486,0,1,4568.95,2.77,344,42.954298,-78.83349,192.4,176,3
1487,0,1,4571.4,2.77,344,42.954297,-78.833461,192.4,176,3
1488,0,1,4573.57,2.76,344,42.954296,-78.833432,192.5,176,2
1489,0,1,4576.17,2.75,345,42.954296,-78.833403,192.5,174,3
1490,0,1,4578.73,2.75,345,42.954295,-78.833374,192.5,174,3
1491,0,1,4580.52,2.75,345,42.954295,-78.833344,192.5,175,3
1492,0,1,4583.1,2.75,345,42.954295,-78.833314,192.5,174,3
1493,0,1,4585.58,2.74,345,42.954295,-78.833283,192.5,174,2
1494,0,1,4588.19,2.74,345,42.954296,-78.833251,192.5,174,3
1495,0,1,4590.78,2.74,346,42.954297,-78.833219,192.6,175,3
1496,0,1,4593.39,2.74,346,42.954298,-78.833186,192.6,173,3
1497,0,1,4596.06,2.74,346,42.954299,-78.833152,192.6,173,3
1498,0,1,4598.64,2.73,346,42.954301,-78.833117,192.6,174,2
1499,0,1,4601.23,2.71,347,42.954302,-78.833082,192.6,173,3
1500,0,1,4604.48,2.71,347,42.954303,-78.833047,192.6,172,3
1501,0,1,4607.08,2.71,347,42.954303,-78.833012,192.6,171,3
1502,0,1,4609.54,2.71,347,42.954304,-78.832977,192.6,170,2
1503,0,1,4612.97,2.69,347,42.954303,-78.832942,192.6,170,3
1504,0,1,4615.73,2.69,348,42.954302,-78.832907,192.6,168,3
1505,0,1,4618.88,2.69,348,42.954301,-78.832872,192.6,165,3
1506,0,1,4621.23,2.69,348,42.954299,-78.832838,192.6,166,2
1507,0,1,4624.05,2.68,348,42.954296,-78.832805,192.6,165,3
1508,0,1,4626.87,2.68,349,42.954292,-78.832772,192.7,167,3
1509,0,1,4629.48,2.69,349,42.954287,-78.83274,192.7,167,3
1510,0,1,4632.17,2.69,349,42.954282,-78.832709,192.7,167,3
1511,0,1,4634.96,2.69,349,42.954278,-78.832678,192.7,167,3
1512,0,1,4637.67,2.67,349,42.954276,-78.832647,192.7,169,2
1513,0,1,4640.27,2.68,350,42.954277,-78.832616,192.7,170,3
1514,0,1,4643.16,2.68,350,42.954279,-78.832585,192.7,171,3
1515,0,1,4646.01,2.69,350,42.954283,-78.832555,192.7,170,3
1516,0,1,4648.65,2.66,350,42.954288,-78.832525,192.7,170,2
1517,0,1,4651.37,2.65,351,42.954292,-78.832496,192.7,170,3
1518,0,1,4651.37,2.68,351,42.954296,-78.832467,192.7,169,3
1519,0,1,4651.37,2.69,351,42.9543,-78.832438,192.8,170,3
1520,0,1,4653.51,2.65,351,42.954304,-78.832408,192.8,169,2
1521,0,1,4655.86,2.65,351,42.954307,-78.832378,192.8,168,1
1522,0,1,4659.11,2.64,351,42.95431,-78.832347,192.9,167,4
1523,0,1,4661.08,2.63,351,42.954312,-78.832315,192.9,169,2
1524,0,1,4663.37,2.62,352,42.954314,-78.832283,193.0,169,3
1525,0,1,4665.83,2.61,352,42.954316,-78.83225,193.0,170,3
1526,0,1,4668.17,2.6,352,42.954317,-78.832216,193.0,169,2
1527,0,1,4670.51,2.59,352,42.954318,-78.832182,193.1,168,3
1528,0,1,4674.21,2.59,352,42.954319,-78.832148,193.1,168,3
1529,0,1,4676.62,2.58,353,42.95432,-78.832113,193.2,166,3
1530,0,1,4679.28,2.58,353,42.954321,-78.832079,193.2,166,3
1531,0,1,4682.11,2.58,353,42.954322,-78.832045,193.3,167,2
1532,0,1,4685.27,2.58,353,42.954322,-78.832011,193.3,167,3
1533,0,1,4686.58,2.58,353,42.954323,-78.831977,193.4,168,2
1534,0,1,4689.51,2.58,354,42.954324,-78.831944,193.4,166,3
1535,0,1,4692.45,2.58,354,42.954326,-78.831911,193.5,167,3
1536,0,1,4699.39,2.58,354,42.954327,-78.831879,193.5,166,2
1537,0,1,4702.2,2.58,355,42.954329,-78.831848,193.5,166,3
1538,0,1,4704.93,2.58,355,42.954331,-78.831817,193.6,166,3
1539,0,1,4708.46,2.58,355,42.954333,-78.831786,193.6,165,3
1540,0,1,4711.2,2.58,355,42.954335,-78.831754,193.7,167,3
1541,0,1,4713.63,2.58,355,42.954338,-78.831723,193.7,166,3
1542,0,1,4715.88,2.58,356,42.95434,-78.831691,193.8,165,2
1543,0,1,4718.44,2.58,356,42.954343,-78.831658,193.8,165,3
1544,0,1,4721.37,2.58,356,42.954345,-78.831624,193.9,163,3
1545,0,1,4723.46,2.58,356,42.954347,-78.83159,193.9,163,3
1546,0,1,4726.5,2.58,356,42.95435,-78.831556,194.0,162,3
1547,0,1,4729.73,2.58,357,42.954352,-78.831521,194.1,165,3
1548,0,1,4731.72,2.58,357,42.954355,-78.831486,194.2,166,3
1549,0,1,4734.86,2.58,357,42.954357,-78.831451,194.2,166,2
1550,0,1,4737.95,2.58,357,42.95436,-78.831416,194.3,166,3
1551,0,1,4740.58,2.58,358,42.954362,-78.831381,194.4,166,3
1552,0,1,4743.74,2.58,358,42.954364,-78.831346,194.4,166,3
1553,0,1,4746.75,2.58,358,42.954365,-78.831311,194.5,166,3
1554,0,1,4749.51,2.58,358,42.954366,-78.831275,194.6,164,3
1555,0,1,4752.43,2.58,359,42.954365,-78.83124,194.7,163,3
1556,0,1,4755.38,2.58,359,42.954364,-78.831205,194.7,163,3
1557,0,1,4758.09,2.58,359,42.954362,-78.831169,194.8,162,2
1558,0,1,4761.2,2.58,359,42.954359,-78.831134,194.9,162,3
1559,0,1,4764.42,2.59,359,42.954356,-78.831098,195.0,161,3
1560,0,1,4766.99,2.59,360,42.954353,-78.831062,195.1,164,3
1561,0,1,4770.54,2.59,360,42.954349,-78.831025,195.2,163,3
1562,0,1,4773.59,2.59,360,42.954346,-78.830989,195.2,163,3
1563,0,1,4776.21,2.59,360,42.954344,-78.830951,195.3,161,3
1564,0,1,4779.27,2.59,361,42.954342,-78.830914,195.4,162,3
1565,0,1,4782.68,2.59,361,42.95434,-78.830877,195.5,161,2
1566,0,1,4786.04,2.59,361,42.954338,-78.830839,195.6,161,3
1567,0,1,4789.37,2.6,361,42.954336,-78.830802,195.6,162,3
1568,0,1,4792.71,2.6,362,42.954334,-78.830765,195.7,165,3
1569,0,1,4795.48,2.62,362,42.954332,-78.830729,195.7,166,3
1570,0,1,4798.7,2.64,362,42.95433,-78.830693,195.7,166,3
1571,0,1,4801.68,2.67,362,42.954329,-78.830659,195.8,167,3
1572,0,1,4804.89,2.71,363,42.954328,-78.830626,195.8,167,3
1573,0,1,4807.79,2.79,363,42.954328,-78.830594,195.8,167,2
1574,0,1,4810.25,2.79,363,42.95433,-78.830565,195.9,168,3
1575,0,1,4813.62,2.78,363,42.954335,-78.830537,195.9,169,3
1576,0,1,4815.86,2.78,363,42.954342,-78.830513,195.9,169,3
1577,0,1,4817.99,2.79,364,42.954351,-78.830491,195.9,169,3
1578,0,1,4819.98,2.8,364,42.954363,-78.83047,195.9,168,3
1579,0,1,4822.38,2.81,364,42.954377,-78.830452,195.8,167,3
1580,0,1,4824.75,2.8,364,42.954393,-78.830435,195.8,167,2
1581,0,1,4827.04,2.8,364,42.95441,-78.830419,195.8,167,3
1582,0,1,4829.6,2.79,365,42.954429,-78.830404,195.7,169,3
1583,0,1,4829.6,2.79,365,42.954449,-78.830389,195.7,170,3
1584,0,1,4836.86,2.8,365,42.95447,-78.830374,195.6,171,3
1585,0,1,4840.83,2.8,365,42.954491,-78.83036,195.6,173,3
1586,0,1,4843.49,2.8,366,42.954514,-78.830344,195.5,171,2
1587,0,1,4846.62,2.8,366,42.954536,-78.830328,195.5,171,3
1588,0,1,4850.41,2.8,366,42.954558,-78.830311,195.4,170,3
1589,0,1,4853.81,2.8,366,42.954581,-78.830293,195.3,168,3
1590,0,1,4856.77,2.8,367,42.954603,-78.830274,195.3,168,3
1591,0,1,4859.52,2.8,367,42.954625,-78.830253,195.2,169,3
1592,0,1,4861.98,2.78,367,42.954648,-78.830232,195.1,167,2
1593,0,1,4863.86,2.79,367,42.954671,-78.83021,195.1,169,3
1594,0,1,4866.32,2.8,367,42.954695,-78.830188,195.0,168,3
1595,0,1,4868.62,2.8,368,42.954719,-78.830166,194.9,167,3
1596,0,1,4868.62,2.8,368,42.954744,-78.830144,194.9,168,3
1597,0,1,4868.62,2.8,368,42.954769,-78.830122,194.8,169,3
1598,0,1,4871.51,2.77,368,42.954793,-78.8301,194.7,166,2
1599,0,1,4877.17,2.76,368,42.954815,-78.830077,194.6,165,3
1600,0,1,4879.84,2.79,368,42.954833,-78.830053,194.6,164,3
1601,0,1,4882.06,2.8,369,42.954847,-78.830027,194.5,165,3
1602,0,1,4884.35,2.8,369,42.954856,-78.83,194.5,165,3
1603,0,1,4886.64,2.8,369,42.954861,-78.829971,194.5,164,3
1604,0,1,4887.89,2.76,369,42.954862,-78.829941,194.6,165,2
1605,0,1,4890.52,2.75,369,42.954859,-78.82991,194.6,164,3
1606,0,1,4893.31,2.8,370,42.954853,-78.829879,194.7,164,3
1607,0,1,4899.54,2.8,370,42.954845,-78.829847,194.7,164,3
1608,0,1,4902.0,2.75,370,42.954836,-78.829815,194.8,165,2
1609,0,1,4904.53,2.75,370,42.954825,-78.829783,194.9,165,3
1610,0,1,4908.74,2.75,371,42.954813,-78.829751,195.0,165,3
1611,0,1,4915.95,2.75,371,42.954801,-78.829719,195.1,166,2
1612,0,1,4919.78,2.75,372,42.954787,-78.829687,195.1,167,3
1613,0,1,4922.96,2.75,372,42.954774,-78.829655,195.2,166,3
1614,0,1,4925.92,2.74,372,42.954759,-78.829624,195.3,167,3
1615,0,1,4928.64,2.74,372,42.954744,-78.829592,195.4,168,3
1616,0,1,4931.72,2.74,372,42.954729,-78.82956,195.5,168,3
1617,0,1,4935.0,2.74,373,42.954714,-78.829528,195.6,165,3
1618,0,1,4938.29,2.73,373,42.954699,-78.829496,195.7,164,2
1619,0,1,4941.67,2.73,373,42.954684,-78.829464,195.8,163,3
1620,0,1,4945.18,2.72,373,42.954668,-78.829433,195.9,164,3
1621,0,1,4948.04,2.72,374,42.954653,-78.829403,196.0,165,3
1622,0,1,4950.76,2.72,374,42.954639,-78.829373,196.1,164,3
1623,0,1,4953.55,2.71,374,42.954624,-78.829344,196.1,165,3
1624,0,1,4956.85,2.74,374,42.95461,-78.829316,196.2,165,3
1625,0,1,4960.3,2.72,375,42.954597,-78.829288,196.3,165,2
1626,0,1,4963.39,2.71,375,42.954584,-78.829263,196.4,165,3
1627,0,1,4966.48,2.71,375,42.954573,-78.829238,196.5,163,3
1628,0,1,4969.09,2.71,375,42.954562,-78.829215,196.5,163,2
1629,0,1,4971.4,2.72,376,42.954551,-78.829193,196.6,162,3
1630,0,1,4973.31,2.67,376,42.954542,-78.829173,196.6,161,2
1631,0,1,4975.04,2.72,376,42.954534,-78.829153,196.7,159,3
1632,0,1,4976.72,2.72,376,42.954526,-78.829135,196.7,158,2
1633,0,1,4978.39,2.73,376,42.954518,-78.829118,196.8,159,1
1634,0,1,4980.1,2.73,376,42.954511,-78.829101,196.8,159,1
1635,0,1,4980.1,2.74,376,42.954504,-78.829084,196.8,159,3
1636,0,1,4980.1,2.74,376,42.954497,-78.829068,196.9,158,3
1637,0,1,4981.41,2.74,376,42.954491,-78.829052,196.9,159,2
1638,0,1,4983.26,2.74,376,42.954484,-78.829035,196.9,158,1
1639,0,1,4985.31,2.73,377,42.954476,-78.829018,197.0,158,3
1640,0,1,4985.31,2.7,377,42.954469,-78.829,197.0,159,3
1641,0,1,4985.31,2.65,377,42.954461,-78.828982,197.0,161,3
1642,0,1,4987.07,2.54,377,42.954452,-78.828963,197.1,162,3
1643,0,1,4988.62,2.37,377,42.954443,-78.828942,197.1,162,2
1644,0,1,4990.61,2.14,377,42.954433,-78.828921,197.1,162,3
1645,0,1,4992.77,1.96,377,42.954422,-78.828898,197.2,164,3
1646,0,1,4994.46,1.86,377,42.954412,-78.828875,197.2,165,3
1647,0,1,4997.0,1.86,377,42.9544,-78.82885,197.3,164,3
1648,0,1,4999.43,1.95,378,42.954389,-78.828825,197.3,164,2
1649,0,1,5001.24,2.02,378,42.954377,-78.828798,197.4,164,3
1650,0,1,5003.79,2.1,378,42.954365,-78.828771,197.4,164,3
1651,0,1,5006.26,2.16,378,42.954353,-78.828742,197.4,165,3
1652,0,1,5009.51,2.16,378,42.95434,-78.828712,197.5,167,2
1653,0,1,5012.0,2.16,379,42.954327,-78.828682,197.5,168,3
1654,0,1,5014.67,2.16,379,42.954315,-78.82865,197.6,167,3
1655,0,1,5017.87,2.16,379,42.954302,-78.828618,197.6,166,3
1656,0,1,5020.68,2.16,379,42.954289,-78.828585,197.7,166,3
1657,0,1,5023.24,2.16,380,42.954275,-78.828554,197.7,166,3
1658,0,1,5026.84,2.16,380,42.954261,-78.828526,197.7,166,2
1659,0,1,5029.47,2.16,380,42.954245,-78.828501,197.8,166,3
1660,0,1,5032.0,2.16,380,42.954227,-78.828481,197.8,168,3
1661,0,1,5035.42,2.16,380,42.954208,-78.828467,197.9,169,3
1662,0,1,5037.79,2.16,381,42.954187,-78.828461,197.9,168,3
1663,0,1,5040.79,2.16,381,42.954164,-78.82846,198.0,168,2
1664,0,1,5043.02,2.16,381,42.95414,-78.828465,197.9,168,3
1665,0,1,5045.95,2.16,381,42.954115,-78.828474,197.9,169,3
1666,0,1,5050.41,2.17,382,42.95409,-78.828486,197.8,171,3
1667,0,1,5056.71,2.17,382,42.954065,-78.828501,197.8,171,3
1668,0,1,5060.42,2.17,382,42.95404,-78.828518,197.7,171,2
1669,0,1,5063.58,2.17,383,42.954017,-78.828535,197.6,171,3
1670,0,1,5066.67,2.18,383,42.953994,-78.828552,197.6,170,3
1671,0,1,5069.74,2.2,383,42.953972,-78.828569,197.5,169,3
1672,0,1,5072.67,2.22,383,42.953951,-78.828587,197.5,167,3
1673,0,1,5075.82,2.28,384,42.95393,-78.828605,197.4,167,3
1674,0,1,5078.73,2.37,384,42.953909,-78.828623,197.4,169,3
1675,0,1,5081.44,2.44,384,42.953889,-78.828641,197.3,166,2
1676,0,1,5083.85,2.44,384,42.953869,-78.828659,197.3,165,3
1677,0,1,5086.57,2.44,384,42.953849,-78.828677,197.2,165,3
1678,0,1,5089.65,2.44,385,42.953828,-78.828695,197.2,164,3
1679,0,1,5092.73,2.44,385,42.953807,-78.828712,197.1,163,3
1680,0,1,5095.83,2.44,385,42.953786,-78.82873,197.1,163,2
1681,0,1,5098.87,2.44,385,42.953764,-78.828746,197.0,164,3
1682,0,1,5101.8,2.44,386,42.953742,-78.828763,197.0,164,3
1683,0,1,5104.55,2.44,386,42.953719,-78.828779,196.9,164,3
1684,0,1,5106.99,2.44,386,42.953697,-78.828796,196.9,164,3
1685,0,1,5109.52,2.44,386,42.953675,-78.828813,196.8,163,2
1686,0,1,5112.19,2.44,386,42.953654,-78.828831,196.8,165,3
1687,0,1,5114.87,2.44,387,42.953635,-78.82885,196.7,165,3
1688,0,1,5117.57,2.44,387,42.953617,-78.82887,196.7,165,3
1689,0,1,5120.35,2.44,387,42.953602,-78.828891,196.6,165,2
1690,0,1,5122.81,2.44,387,42.953589,-78.828914,196.6,165,3
1691,0,1,5122.81,2.44,387,42.953579,-78.828938,196.6,165,3
1692,0,1,5122.81,2.44,387,42.953571,-78.828961,196.6,165,2
1693,0,1,5125.09,2.44,388,42.953567,-78.828985,196.6,166,3
1694,0,1,5127.05,2.44,388,42.953565,-78.829008,196.6,166,3
1695,0,1,5133.83,2.44,388,42.953566,-78.829031,196.6,166,2
1696,0,1,5137.19,2.44,388,42.953569,-78.829052,196.6,167,3
1697,0,1,5139.4,2.44,389,42.953575,-78.829073,196.6,165,3
1698,0,1,5141.51,2.44,389,42.953582,-78.829092,196.6,163,2
1699,0,1,5143.82,2.44,389,42.953592,-78.829112,196.6,163,3
1700,0,1,5146.2,2.44,389,42.953602,-78.829131,196.6,162,3
1701,0,1,5148.54,2.44,389,42.953613,-78.829149,196.7,162,2
1702,0,1,5150.76,2.44,390,42.953625,-78.829167,196.7,160,3
1703,0,1,5152.97,2.44,390,42.953637,-78.829186,196.7,158,2
1704,0,1,5155.05,2.44,390,42.953648,-78.829204,196.7,157,2
1705,0,1,5157.23,2.44,390,42.953659,-78.829222,196.7,158,2
1706,0,1,5159.66,2.44,390,42.95367,-78.82924,196.7,157,2
1707,0,1,5161.82,2.44,391,42.953679,-78.829258,196.7,157,2
1708,-1,,5161.82,,,,,,,
